word,mean
product,"생산품, 결과"
differently,다르게
regard,간주하다
stamp,우표
barber,이발사
disturb,방해하다
diploma,졸업증
preventive,예방하는
blood type,혈액형
inflexible,융통성이 없는
fortunate,행운의
nowhere,아무데도 ~이 없다
possibility,가능성
sacred,신성한
sure,확신하는
worthless,가치 없는
childcare,어린이보육
fame,명성
ancestor,조상
jokingly,농담으로
recognition,"인식, 승인"
alligator,"악어, 금이 가다"
arm,"팔, 무기, 무장하다"
teammate,팀 동료
obviously,명백하게
furthermore,게다가
debt,빚
satellite,"위성, 위성도시"
minute,"분, 순간, 사소한"
exactness,정확함
transform,변형(시키다)
be made up of,~로 구성되다
preservation,보존
volume,"양, 음량, (책)권"
communicative,"통신의, 말을 잘하는"
protection,보호
object,"물건, 목표, 반대하다"
oppress,억압하다
bundle,"묶음, 꾸러미, 보따리"
democratic,민주적인
proposal,"제안, 청혼"
restore,복구하다
artificial,인조의
undercover,"첩보활동의, 비밀리에 하는"
amaze,놀라게 하다
surf,(인터넷을)검색하다
despite,~에도 불구하고
selfishness,이기적임
justice,"정의, 공평성"
disturb,방해하다
gloomy,"우울한, 어둑어둑한"
compulsive,충동적인
sweeper,"청소부, 청소기"
pronounce,"발음하다, 선언하다"
cooperation,협력
by mistake,실수로
hardship,"곤란, 결핍"
basement,지하실
circuit,"회로, 순회"
moral,도덕적인
fossil,화석
entrant,참가자
beat,"~을 치다, 이기다"
grease,"지방, 기름"
cartoonist,만화가
beg,부탁하다
reference,"언급, 참고"
diarrhea,설사
haul,운반하다
toss,던지다
deserted,"황량한, 버림받은"
every,~마다
bathe,~을 목욕시키다
physiology,생리학
presentation,"발표, 제출, 수여"
automate,자동화하다
inconstantly,변덕스럽게
guard,"지키다, 경비요원"
solemn,엄숙한
arrogant,오만한
essence,본질
end up,마침내는 ~가 되다
thumping,"탁 치는, 막대한"
steal,훔치다
massive,대량의
factual,사실의
wagon,마차
injection,"주사, 주입"
perceive,인지하다
shockwave,충격파
interrupt,중단하다
reliance,신뢰
adjust,"조절하다, 적응하다"
cherish,소중히 하다
oriented,~지향의
misty,안개가 짙은
tremendously,거대하게
typical,전형적인
formation,"구성, 형성"
chaos,혼돈
superstition,미신
pair,한 쌍
specific,구체적인
valve,"판, 밸브"
versatile,"다용도의, 다재다능한"
demonstrate,"설명하다, ~을 논증하다"
at heart,진심으로
environmentalist,환경론자
shoeshine,구두닦이
shore,"해안, 상륙시키다"
in trouble,곤경에 처한
construction,"건설, 구성"
associate A with B,A에서 B를 연상하다
importance,중요성
dairy,낙농의
spontaneous,"자진해서, 자연히 생기는"
spiritual,정신의
adjustment,조절
lazy,게으른
repetitive,반복적인
gigantic,거대한
empty,공허한
reinforce,강화하다
substitute,"대신하다, 대리인"
pillar,기둥
prosperity,번영
put on,~을 입다
interview,인터뷰
finger,손가락
daydream,공상에 잠기다
immeasurable,측정할 수 없는
drive out,추방하다
airline,"일직선의, 항공사"
ownership,소유권
amusement,"즐거움, 놀이"
evaluative,평가의
vision,"시력, 환상, 광경"
firefly,반딧불
eggshell,달걀껍질
downhill,내리막
deceased,죽은
tinkle,전화 울림
pure,순수한
beneath,밑에
carry,"옮기다, 휴대하다"
demanding,"부담이 큰, 힘든"
naive,순진한
tackle,"부딪치다, 연장, 도구"
native,"출신의, 원주민의"
constructive,건설적인
loft,다락
entertain,~을 즐겁게 하다
turn around,돌아보다
efficiently,능률적으로
widow,미망인
deal,"분배하다, 다루다, 거래하다"
support,"지지하다, 부양하다"
sincerity,성실
explain,설명하다
compensation,보상
simplistic,단순화한
dangerous,위험한
ineffective,효과가 없는
statesman,정치가
sensory,감각의
captivate,매혹하다
storage,"저장, 창고"
ceiling,"천장, 한계"
obscure,"애매한, 희미한"
incident,사건
evil spirit,악령
obsess,사로잡히다
barely,거의~않다
gene,유전자
awkward,어색한
whip,채찍질하다
isolate,고립시키다
so that,~하기 위해서
disappoint,실망시키다
march,"행진하다, 행진곡"
consistency,일관성
compensate,~에게 보상하다
spoil,망치다
consultant,상담자
angrily,"노하여, 성나서"
take a chance,운명에 맡기고 해보다
mint,"박하, 화폐주조소"
brothel,지저분한 곳
command,명령하다
resentful,화난
stay on,남아있다
insecurely,불안정하게
still,"조용한, 여전히, 정지된, 평온한"
saddle,안장
coverage,"(라디오,TV)보도, (보험의)보상범위"
freedom,자유
earthshaking,떠들썩한
rivalry,경쟁
firmly,단단하게
peanut,땅콩
navigate,항해하다
in the face of,~에 상관하지 않고
not A but B,A가 아니라 B이다
shave,면도하다
stabilize,~을 안정시키다
digest,"소화하다, 요약"
administrative,관리상의
utility,"전기, 가스, 유용성"
hypothesis,가설
lose weight,체중을 줄이다
crop,작물
landowner,토지소유자
incentive,장려금
cheerfully,명랑하게
tragedy,비극
orbital,궤도의
discriminate,차별하다
spend,소비하다
suicide,자살
immortal,"영원한, 불멸의"
pastime,기분전환
representation,"표현, 대표"
periodically,주기적으로
at random,무작위로
backpack,배낭
cure,치료
immediately,"즉시, 직접"
towards,~쪽으로
commercial,"상업적인, 광고방송"
stack,쌓아 올리다
witch,마녀
postpone,연기하다
demographic,인구(통계)의
irrigation,관개(물을 끌어들임)
international,국제적인
drainage,배수(의)
hospitable,"공손한, 환대하는"
take after,~을 닮다
highway,고속도로
self-confidence,자신감
obesity,비만
option,선택(권)
irritate,짜증나게 하다
camper,야영자
tank,"탱크, 웅덩이"
pants,"바지, 팬츠"
scientist,과학자
place,장소
engage in,"~에 착수하다, ~에 종사하다"
freshwater,담수
emerge,출현하다
parallel,평행의
intensely,대단히
transfer,"(병이)옮다, 옮기다, 갈아타다"
painting,그림
rescue,구출하다
confidential,"기밀의, 신뢰할 만한"
quietness,침묵
delightful,기쁜
viewer,관찰자
workable,실행 가능한
following,그 다음의
in sight,시야에
doze,졸다
dependability,의존할 수 있음
reserve,예약하다
getaway,도망
fireplace,"취사장, 벽난로"
accumulation,축적
undermine,~을 침식하다
intercept,"가로채다, 차단시키다"
regretful,후회하는
leap,뛰어오르다
deduct,"빼다, 공제하다"
suspicion,"의심, 혐의"
bug,곤충
imperfect,불완전한
approval,"인정, 찬성"
goodness,친절
gate,문
receiver,수신인
a variety of,다양한
make up,화해하다
identification,"신원 확인, 식별"
technique,기술
as a result,결과적으로
curfew,출입 제한 시간
poodle,푸들
apiece,각자에게
emigrate,이민 가다
mother tongue,모국어
medicinal,약용의
upright,"직립한, 곧은"
hierarchical,계층제의
decline,"거절하다, 기울다"
theatergoer,극장에 자주 가는 사람
bring,"가져오다, 초래하다"
simplicity,간단
crevice,균열
victim,피해자
learn,배우다
mammal,포유동물
choose,선택하다
transplantation,이식
humanity,"인류, 인간애"
break out,발생하다
tail,꼬리
bloom,개화
boost,증진시키다
let go of,~을 버리다
obtainable,획득할 수 있는
hardware,기계 설비
dozen,12개
choir,합창단
bore,~을 지루하게 하다
even if,비록~일지라도
primarily,최초로
duration,내구성
tired,"피곤한, 질린"
traffic jam,교통 혼잡
eventful,다사다난한
bridge,다리
envious,시기하는
laundry,"세탁, 세탁소"
pouch,가방
elegant,우아한
gift,"선물, 재능"
flammable,가연성의
protein,단백질
friction,마찰
learn one‘s lesson,교훈을 얻다
waist,허리
councilor,"고문관, 의원"
mostly,"주로, 대부분은"
latter,후자
youth,젊음
kitchen,주방
sentiment,정서
meantime,그 동안
yell,외치다
genre,장르
effort,노력
misguide,잘못 지도하다
seemingly,겉으로는
needle,"바늘, 바느질"
sealed,봉인된
in fact,사실
sell out,매진되다
syllabus,시간표
furnish,"공급하다, 비치하다"
constitute,구성하다
consensus,"의견 일치, 합의"
challenge,도전하다
assist,원조하다
intend,의도하다
advancement,"전진, 승진"
depreciation,가치하락
starve,굶주리다
shift,전환(하다)
attempt,시도하다
distinct,"뚜렷한, 별개의"
watch,지켜보다
antibody,항체
activate,활성화 시키다
fare,요금
mosquito,모기
victimless,피해자 없는
generalist,박학다식한 사람
owe,빚지다
neighbor,이웃
endangerment,위험에 빠뜨리는 것
throughout,"~동안 내내, ~을 통하여"
passage,"구절, 통행"
woolly,양모로 된
conqueror,정복자
greenhouse,온실효과
behavioral,행동의
globalization,세계화
spacious,"넓은, 거대한"
watchman,경비원
citizenship,시민권
errand,심부름
wake,잠이 깨다
unconscious,무의식의
bareback,안장이 없는
invariably,일정불변하게
retain,~을 유지하다
century,세기
in addition,게다가
plastic,플라스틱
dimly,희미하게
enterprise,"기업, 진취적 정신"
kingdom,"왕국, 영역"
set in,시작되다
the amount of,~의 양
so far,현재까지
set up,설립하다
turkey,칠면조
in person,본인이 직접
operation,"작용, 수술"
complicated,복잡한
hopeless,절망한
logic,논리
roar,으르렁 거리다
relationship,관계
dash,"돌진하다, 내던지다"
fingernail,손톱
dictate,"명령하다, 받아쓰게 하다"
joyous,즐거운
let down,~을 실망시키다
simultaneously,동시에
brutal,잔혹한
nurture,양육(하다)
stray,길을 잃다
equip,"장비하다, 수여하다"
advantage,"이익, 유리"
in detail,상세히
suitable,적당한
boredom,지루함
turban,(인도식)두건
hard-and-fast,확정된
accumulate,축적하다
closely,"면밀히, 친밀하게"
justify,정당화하다
beyond,~을 넘어서
roughly,"대략, 거칠게"
dependence,의존
as for,~로 말하자면
irreparable,고칠 수 없는
virgin,"처녀, 순수한"
vine,"포도나무, 덩굴식물"
harmony,조화
grow,"성장하다, 기르다"
prioritize,우선순위를 정하다
flicker,깜박이다
sibling,형제(의)
dependent,의존하는
logical,"이성적인, 논리적인"
delivery,배달
innovative,혁신적인
stir,휘젓다
shopkeeper,가게주인
variety,다양성
in terms of,"~에 관하여, ~으로 환산하여"
regulation,"규정, 조절"
extinct,멸종된
morality,도덕
union,"결합, 연방"
debate,"토의, 숙고하다"
indigo,남색
insecurity,불안
scholar,학자
sketch,밑그림
arctic,북극의
majority,대부분
medicine,약
adulthood,성인기
tender,"부드러운, 제출하다"
unlimited,무제한의
not always,항상 ~인 것은 아니다 (부분부정)
make it up to,~에게 보상을 하다
permission,허락
tension,긴장
take turns,번갈아 하다
tolerate,"용인하다, 참다"
cancel,~을 취소하다
reject,거절하다
jealous,질투하는
farmhouse,농가
pronunciation,발음
invaluable,매우 귀중한
educate,교육하다
flatter,"아부하다, 우쭐해하다"
strange,이상한
adult,성인
heartbreaking,가슴 아프게 하는
station,"정거장, 배치하다"
reservation,"예약, 보류"
preach,"설교하다, 전도하다"
past,과거
collaborate,협동하다
material,재료
dizzy,어지러운
educational,교육적인
irritable,성미가 급한
solitary,혼자의
in vain,헛되이
tear,"눈물, 찢다"
trample,짓밟다
break up,"해산하다, (관계가)깨지다"
fiber,섬유질
mistress,여주인
unwrap,"풀다, 폭로하다"
expense,"비용, 지출"
craft,"기술, 선박, 항공기"
interact,상호작용하다
absolutely,절대적으로
revolve,회전하다
voyage,항해하다
arctic,북극의
version,"번역, 판"
joyful,즐거운
prime minister,수상
jeans,바지
uninhabited,사람이 살지 않는
security,"보안, 안전"
discard,"포기, 버리다"
formless,모양이 없는
equality,평등
stretch,뻗다
awaken,"깨우다, 자각시키다"
wing,날개
rotate,"회전하다, 교대하다"
brightness,빛남
struck off,강타하다
pioneer,개척자
ruin,폐허
take down,~을 받아 적다
classify,분류하다
involve,"포함하다, 몰두하다"
calmness,고요
requisite,"필요한, 필수품"
likelihood,가능성
loyalty,충성심
choice,"선택, 고급의"
snack,가벼운 식사
lawmaker,입법자
weep,"울다, 슬퍼하다"
windy,바람 부는
marine,바다의
awful,끔직한
put A into practice,A를 실행에 옮기다
paragliding,패러글라이딩
take place,발생하다
positive,"긍정적인, 양성의"
explosive,"폭발성의, 폭발물"
fatty,지방성의
mediterranean,지중해의
glacier,빙하
scale,"저울, 규모"
chant,"부르다, 노래"
acoustic,청각의
limit,제한(하다)
therapy,치료(법)
bless,축복하다
seasoned,"양념된, 노련한, 제철의"
accord,일치하다
suburban,교외의
equality,평등
lawmaker,입법자
vain,헛된
refinement,"정제, 세련"
merchant,상인
alive,살아있는
whirl,"소용돌이치다, 질주하다, 회전"
sensitivity,민감도
bottom,바닥
be projected to,~할 것으로 예상되다
politics,정치(학)
quest,탐색
presence,"출석, 존재"
interesting,흥미 있는
despair,절망
put away,~을 치우다
handicapped,신체적 장애가 있는
marvelous,훌륭한
collective,총체적인
embarrassed,당황한
effect,"결과, 효과"
be unable to,~할 수 없다
ankle,"발목, 걸어가다"
especially,특히
meaningful,의미심장한
bill,"청구서, 법안"
scope,시야
presidential,"대통령의, 지배하는"
bandage,"붕대, 안대"
college,대학
self-control,자제력
tumble,넘어지다
switch,"스위치, 전환"
in short,요컨대
conference,회의
defective,결함이 있는
sensor,센서
enthusiast,열광자
on the other hand,반면에
insurer,보험업자
psychologist,심리학자
occasionally,때때로
loneliness,외로움
scope,"시야, 범위"
handwriting,"필적, 친필"
legendary,전설의
call off,~을 중지하다
savage,잔인한
apartheid,인종차별 정책
per,~당(마다)
coal,석탄
competitive,경쟁적인
in conclusion,결론적으로
patriot,애국자
bunch,다발
knock over,(부딪쳐서) 넘어뜨리다
longing,갈망
masterpiece,걸작
perfect,완벽한
honor,"명예, 존경"
embarrass,당황하게 하다
hunted,쫓기는
fraud,"부정, 사기"
grasp,"붙잡다, 이해하다"
floppy,"유연한, 헐렁한"
tense,긴장한
advertiser,광고주
uniqueness,유일함
publish,출판하다
castle,성
strokes,뇌졸중
park,"주차하다, 공원"
threatened,위협당한
transition,변천
sow,~를 뿌리다
alley,골목길
come off,떨어지다
sharply,날카롭게
microwave,"가열하다, 마이크로파의"
artifact,인공물
moreover,게다가
float,떠오르다
pleasantly,즐겁게
survey,조사하다
unnoticed,간과되는
groom,신랑
handkerchief,손수건
millionaire,백만장자
industry,산업
seashore,해안
delinquency,비행(범죄)
bothersome,귀찮은
omnivorous,잡식성의
on several occasion,몇 차례에 걸쳐
enlightened,계몽된
disastrously,비참하게
as a consequence,그 결과
outsmart,한 수 앞서다
maturity,성숙
flaw,"갈라진 틈, 결점"
action,행동
increasingly,점점
adaptable,적응할 수 있는
unburden,짐을 풀다
workshop,"강습회, 연수회, 작업장"
atom,원자
disbelieve,불신하다
polling booth,투표소
good,선
dose,1회 복용량
current,"현재의, 경향"
military,군대
convex,볼록한
get lost,잃어버리다
reputation,"명성, 평판"
fence,울타리
unfamiliar,낯선
meteorologist,기상학자
multi-tasking,다중 작업의
readily,"즉시, 기꺼이"
harder,힘겨운
anthropologist,인류학자
omission,생략
defrost,~을 녹이다
seem,~처럼 보이다
rejection,"거절, 폐기"
pebble,조약돌
blow,불다
work on,착수하다
construct,"건설하다, 구성하다"
precious,값비싼
obligation,"의무, 책임"
decrease,감소하다
on end,"곤두서서, 세로로"
category,범주
sad,슬픈
assure,보증하다
monotonous,단조로운
square,"정사각형, 광장"
similarity,유사함
exert,쓰다
stale,싱싱하지 못한
generation,"세대, 발생"
unwise,현명하지 못한
elect,"선출하다, 선거하다"
eject,"분출하다, 쫓아내다"
radiate,"방사하다, 발산되다"
endanger,위태롭게 하다
wooden,나무의
microbial,미생물의
unproductive,비생산적인
consistently,"일관하여, 지속적으로"
grand,웅장한
bullfighting,투우
continually,끊임없이
oriental,동양의
stock,"주식, 재고품"
differ,다르다
self-discipline,자기 수양
background,배경
so A that B,너무 A해서 B하다
make sense,뜻이 통하다
well-to-do,유복한
sock,(낡은)양말
leadership,리더십
as opposed to,~와는 대조적으로
interstate,"간선도로, 주 사이에"
revise,~을 개정하다
grade,"등급, 점수"
condemn,비난하다
remedy,치료
dilemma,진퇴양난
transmission,"전송, 변속"
connection,"결합, 연결"
management,경영
blanket,담요
trick,"책략, 속이다"
describe,"설명하다, 묘사하다"
gauge,"치수, 재다"
hunger,"굶주림, 갈망"
curve,곡선
widespread,광범위한
assumption,가설
daily,매일의
patient,"환자, 인내심 있는"
seize,붙잡다
cartoon,만화
oblige,"강요하다, 은혜를 베풀다"
dwell,거주하다
awe,"압도하다, 경외심"
offshore,앞바다에
yard,"정원, 야드(길이 단위)"
flourish,번식하다
soaked,흠뻑 젖은
candle,양초
thorn,가시
aversion,혐오
substance,물질
blacksmith,대장장이
container,용기
campaign,"캠페인, (선거)유세"
journal,"잡지, 신문"
compete,경쟁하다
pace,"페이스, 걸음"
repeat,~를 반복하다
theater,극장
inaugural,취임의
expert,전문가
corporation,법인
in the distance,먼 곳에
all along,처음부터 쭉
spot,"발견하다, 장소, 반점"
concentrate,집중하다
wrinkly,주름이 많은
allowance,"허용, 용돈"
fearful,무서운
forget,망각하다
seriousness,심각함
glow,작열하다
province,주(행정단위)
vase,꽃병
donate,~을 기부하다
startle,~을 깜짝 놀라게 하다
generalization,일반화
generosity,관대
example,예시
destructive,파괴적인
argument,"논쟁, 주장"
familiar,친숙한
absent,결석의
expansion,팽창
extra,여분의
invention,발명(품)
legal,법률의
scrap,"파편, 발췌"
irritation,짜증나게 하는 것
absence,결석
branch,"가지, 지점"
diligence,근면
suspect,"의심하다, 용의자"
put down,~을 아래에 두다
cheat,"속이다, 부정행위를 하다"
engage,"약속하다, 종사하다"
migration,"이주, 철새"
newsstand,신문판매점
ignition,점화장치
optimism,낙천주의
scribble,낙서하다
distinctive,"특이한, 분명한"
rigorous,엄한
sludge,진흙
shuttle,우주 왕복선
untidiness,어수선함
robber,강도
infect,"감염시키다, ~에 영향을 미치다"
inactive,"비활동적인, 소극적인"
redirect,방향을 바꾸다
height,높이
profitable,수익성 있는
puberty,사춘기
refuse,거절하다
rear,뒤(의)
palace,궁전
sympathetic,동정어린
unethical,비윤리적인
expel,추방하다
awake,"깨우다, 자각하다"
crack,갈라지다
view,"광경, 견해"
compare,비교하다
lightweight,경량의
shame,부끄러움
dense,밀집한
axis,(중심)축
textbook,교과서
graphic,사실적인
booklet,작은 책자
minority,소수
humidity,습기
incorrect,부정확한
inspiration,"영감, 격려"
realm,영역
modesty,겸손
occupation,"직업, 점유"
shoe,신발
appearance,"출현, 외모"
traditionally,관습적으로
vending machine,자동판매기
dentist,치과의사
earn,"얻다, 벌다"
lasting,지속하는
personal,개인의
ask for,요구하다
behavior,행동
dine,식사를 하다
summarize,요약하다
shudder,떨다
sort,"종류, 분류하다"
misrepresent,~을 잘못 전하다
excel,능가하다
unrealistic,비현실적인
itchy,가려운
ignorance,"무지, 어리석음"
sled,썰매
disharmony,불협화음
diameter,지름
spray,~을 뿌리다
accompany,동반하다
taste,"맛, 취미"
inaudible,들리지 않는
govern,다스리다
pediatric,소아과의
leak,"(액체, 기체가) 새다"
whistle,휘파람 (불다)
blueprint,청사진
conceal,숨기다
impact,"충돌, 영향을 주다"
trait,특성
similarly,유사하게
eat out,외식하다
establish,설립하다
sewer,"하수구, 재봉사, 재봉틀"
splendid,대단한
in the past,과거에
private,사적인
well-ordered,질서정연한
as compared with,~와 비교하여
collision,충돌
telemarketer,전화통신판매원
ill,아픈
confusion,혼란
circulation,"순환, (책, 잡지)발행부수"
cruelty,잔혹(함)
ginger,생강
cluck,꼬꼬 우는 소리
skill,기술
adjective,"형용사의, 부가적인"
upset,"혼란, 화난"
faraway,먼
beach,해변
executive,"행정적인, 관리의"
grateful,감사하는
moonless,달이 뜨지 않은
conscience,양심
useless,쓸모없는
cruel,잔혹한
reassure,"안심시키다, 재보증하다"
humorous,우스꽝스러운
close,"가까운, 친한"
melt away,녹아들다
motion sickness,멀미
lightning,번개
sage,현자
eloquence,웅변
dietician,영양사
owe A B,A에게 B의 빚이 있다
undeniable,부정하기 어려운
automobile,자동차
dedicated,헌신한
unanticipated,예기치 않은
own,"자신의, 소유하다"
intervene,간섭하다
camel,낙타
important,중요한
greasy,기름진
collectible,모을 수 있는
staple,주요 산물
judgement,판단
heal,치료하다
exploit,"개발하다, 착취하다"
arguably,거의 틀림없이
fluffy,푹신한
show up,나타나다
navy,해군
fully,충분히
capacity,"능력, 최대 수용량"
maintenance,"지속, 생계"
blue,파랑
fiancee,약혼녀
capture,사로잡다
above,~의 위에
rug,깔개
deliver,"배달하다, 연설하다"
punk,펑크 풍의
cheap,(값이)싼
handwriting,"글씨, 친필"
verbally,구두로
accidentally,우연히
economist,경제학자
largely,대개는
lap,무릎
miracle,기적
in response,~에 응하여
tearful,눈물 어린
disgusting,메스꺼운
imperfection,불완전
charity,자선
inhabit,"서식하다, 살다"
bait,미끼
severe,"심각한, 엄한"
elephant,코끼리
scene,"장면, (사건)현장"
recruit,모집하다
devise,"고안하다, 상상하다"
mop,자루걸레
skip,건너뛰다
violation,위반
constantly,끊임없이
soil,"흙, 더럽히다"
A rather than B,B하느니 차라리 A하다
label,라벨(을 붙이다)
clap,손뼉 치다
for dear life,죽을힘을 다해
revitalize,재활성화 시키다
disastrous,"비참한, 재난의"
duck,오리
eldest,맏이의
calf,"송아지, 종아리"
microbe,미생물
respondent,"반응하는, 응답자"
melancholy,우울(한)
affect,"감동시키다, 영향을 미치다"
solvent,용매
phrase,관용(구)
vegetation,초목
cabin,오두막집
adhesive,접착성이 있는
remember,기억하다
pasture,"목장, 방목하다"
overjoy,기쁨에 넘치다
retouch,수정하다
competitor,경쟁자
hunt,사냥
get rid of,제거하다
elderly,나이가 지긋한
catch on,유행하다
contribute,"기여하다, 기부하다"
budget,예산
sharpen,예리하게 하다
visualization,시각
nutritional,영양상의
unity,통일
appointment,약속
piece,조각
carbon dioxide,이산화탄소
bounce,튀어 오르다
sizable,상당한 크기의
vastly,광대하게
outcome,결과
particularly,특히
hall,통로
attract,끌다
no sooner A than B,A하자마자 B하다
nearly,거의
expect,"예상하다, 기대하다"
point of view,관점
gentleness,상냥함
instrument,도구
treat,"다루다, 치료하다"
mortal,죽을 운명의
destruction,파괴
fulfillment,이행
burglar,강도
temper,기질
wound,"상처, 다치게 하다"
arrive,도착하다
unattended,"방치된, 무인의"
plan,계획하다
sense,감각
finance,재정
approve,"인정하다, 찬성하다"
anticipant,예상하는
ahead,"앞쪽으로, 능가하여"
outside,외부의
underestimate,과소평가하다
protest,항의(하다)
flatly,단호히
stillness,고요
tubular,"(액체, 기체를 실어 나르는) 관의"
entitle,"~에게 권리를 주다, ~에 제목을 붙이다"
stinker,골칫거리
intelligence,지성
appreciable,평가 할 수 있는
popularity,"인기, 대중성"
oppose,~에 반대하다
habitat,거주지
magnetic,자성의
pin up,핀으로 고정하다
civilian,시민
stamina,끈기
pedestrian,보행자
delicate,"섬세한, 고운"
fashionable,"상류층의, 최신유행의"
explode,폭발하다
provoke,성나게 하다
carpet,양탄자
flush,(화장실)물을 내리다
be faced with,~에 직면하다
agreement,동의
in general,일반적으로
theme,주제
exceed,"초과하다, ~보다 뛰어나다"
cook,요리하다
trainee,연수생
fill in,기입하다
crash,충돌하다
unconditionally,무조건적으로
conversation,회화
bullet,총알
physician,내과 의사
continuously,끊임없이
deprive,빼앗다
sneeze,재채기하다
conception,개념
reasonably,합리적으로
nationwide,전국적인
wipe out,전멸하다
beginning,"최초, 시작"
transformation,변형
footstep,걸음걸이
suspenseful,불안한
roughness,난폭
miner,광부
pea,완두
pack,"꾸러미, 포장하다"
cabinet,서랍장
intake,흡입
vault,"둥근 천장, 금고 "
exit,출구
installer,설치자
seed,씨앗
stitch,"한 바늘, 꿰매다"
burst,폭발하다
conversely,거꾸로
triple,3배(로 하다)
strength,힘
fault,"결함, 책임"
lessen,줄이다
drain,"배수하다, 소모시키다"
infrastructure,사회 기반 시설
in this vein,이런 맥락에서
virtual,사실상의
frustrate,좌절시키다
redundant,"중복되는, 여분의"
sensuous,"감각적인, 민감한"
adept,숙달한
lightly,"가볍게, 경솔히"
look over,~을 쭉 훑어보다
palm,"손바닥, 야자수"
calm down,진정하다
fitness,"적합성, 건강"
brush,문지르다
poetry,시
unsteady,불안정한
subsequently,그 후에
consequently,따라서
get along with,~과 잘 지내다
shortcut,지름길
compact,빽빽한
whole,전체의
had better,~하는 것이 낫다
dizziness,어지럼증
subconsciously,잠재적으로
sender,발송인
shade,그늘
diplomatic,외교의
angle,각도
coordinator,"진행자, 코디네이터"
chef,주방장
joint,관절
horse,말
lyrical,서정적인
fact,사실
inefficient,비능률적인
defense,방어
arrow,화살
put out,~를 끄다
draw,그리다
tulip,튤립
seatbelt,안전벨트
vibration,진동
bear,"견디다, 낳다, 곰"
stereotype,고정관념
glue,접착제
pesticide,농약
self-absorbed,자기의 이익만 추구하는
show,보여주다
scare,겁주다
sour,시큼한
sting,~을 찌르다
turn off,~을 끄다
export,수출하다
entertainer,연예인
characterize,특징짓다
heritage,유산
fate,"운명, ~할 운명이다"
yacht,요트(를 타다)
neatly,단정하게
ugly,못생긴
pudding,푸딩
individually,개인적으로
indifferent,무관심한
boundary,경계
supply,"공급하다, 보급품"
term,"용어, 기간, 조건"
thirsty,목마른
chapter,"(책의)장, 시기"
government,"정치, 정부"
considerably,상당히
seaweed,해초
shorten,줄이다
applicable,적용할 수 있는
deny,부인하다
irrational,불합리한
blouse,블라우스
scary,무서운
income,수입
continual,계속적인
vapor,"증기, 증발하다"
tragic,비극의
pet,애완동물
wave,"파도, 흔들다"
at first,처음에는
frosty,싸늘한
hospital,병원
salmon,연어
regulate,조절하다
eventually,마침내
unceasing,끊임없는
day by day,매일매일
advice,충고
perspective,"관점, 전망, 원근법"
disgrace,불명예
rib,갈비
vitality,"생명력, 활력"
numeral,숫자
temperature,기온
freezer,냉각기
prose,산문
seduce,"부추기다, 나쁜길로 유혹하다"
improvisation,즉석에서 하는 것
crisp,"힘찬, 파삭파삭한"
steam,증기(가 발생하다)
cushion,쿠션
diminish,줄어들다
portray,묘사하다
watery,물기가 많은
retirement,은퇴
leaf,나뭇잎
reply,대답하다
stressful,긴장이 많은
clearly,명백히
cheerily,기분 좋게
removal,제거
slice,얇게 썬 조각
astonished,깜짝 놀란
acrobat,곡예사
corruption,부패
take A for B,A를 B라고 생각하다
cover up,~을 감추다
at home,집에 있는
tempt,유혹하다
significantly,중요하게
oppressive,"억압적인, 답답힌"
replacement,대체(물)
emit,"방출하다, 의견을 내다"
examine,"조사하다, 시험하다, 진찰하다"
forbidden,금지된
quake,떨림
nominate,지명하다
eagerly,열망하여
threat,위협
clue,실마리
structure,"구조, 건축물"
breakthrough,돌파구
rinse,헹구다
overall,전부의
force,"힘, 군대, 강요하다"
insistent,강요하는
voter,투표자
imbalance,불균형
expanse,넓은 공간
previously,이전에
eyesight,시야
warm up,호의를 갖게 되다
journey,여행
reservoir,저수지
optional,"선택의, 임의로"
undertake,~에 착수하다
in practice,실제로는
miserable,비참한
cousin,사촌
naked,"발가벗은, 꾸밈없는"
nowadays,요즈음
occasion,"경우, 행사, 때"
postwar,전쟁 후의
extension,"연장, 확대 "
keep on -ing,계속~하다
easygoing,태평스러운
wisdom,지혜
exception,제외
tangram,탱그램 (중국식 퍼즐)
cream puff,슈크림
call for,"불러오다, 요구하다"
abruptly,"갑자기, 퉁명스럽게"
recover,되찾다
dynamic,활동적인
consideration,고려
perseverance,인내
ponder,숙고하다
ideal,이상적인
ultimate,"궁극적인, 최고의"
rid,"제거하다, 해방하다"
tax,세금
shape,모양
slap,"모욕하다, 찰싹 때리다"
exactly,정확히
vitalize,활력을 주다
actively,활발히
assess,평가하다
dessert,후식
timid,소심한
wet,축축한
adolescent,사춘기의
cottage,오두막
path,작은 길
dissolve,용해하다
jail,"투옥(하다), 감옥"
dramatic,극적인
intimidate,겁주다
deeply,깊게
shadowy,"그늘진, 어둑어둑한"
orbit,궤도
ruler,"통치자, 자"
authority,권위. 당국
basket,바구니
researcher,조사자
faucet,수도꼭지
reform,개혁(하다)
raised letters,점자
toll,통행료
trapper,사냥꾼
wholesale,"도매의, 대규모의"
hostile,적대적인
locate,"~에 위치하다, 찾다"
digit,"한자리 숫자, 손가락, 발가락"
respect,존경
lifeguard,구조대원
therefore,그러므로
earthly,지구의
district,"구역, 지역"
criterion,표준
comparative,비교의
make a fortune,재산을 모으다
deliberately,일부러
meaning,의미
squid,오징어
pregnant,임신중인
restroom,화장실
feather,"깃털, 조류"
persistence,고집
together,함께
belong,소유하다
spirit,"정신, 영혼"
kidney,신장
manage to,그럭저럭 해내다
measured,"측정된, 균형이 맞는"
specialization,전문화
socialization,사회화
halve,이등분하다
geology,지질학
sustainability,지속가능성
defensive,방어적인
give away,기부하다
announcement,언급
crafty,교묘한
avoid,피하다
magically,신비하게
occupy,"차지하다, 종사하다"
revision,개정
traditional,전통적인
colonial,식민지의
unusual,"특이한, 흔치않은"
exposure,노출
thus,그러므로
pupil,학생
step,단계
no longer,더 이상 ~ 않다
overspend,과소비하다
length,길이
educator,교사
modern,현대의
onion,양파
paragraph,단락
handler,조련사
mutual,상호의
scatter,흩뿌리다
without question,의심할 여지없이
display,전시하다
machinery,기계
spacecraft,우주선
objectivity,객관성
demand,"요구하다, 수요"
sympathy,동정심
blast,폭발
neither A nor B,A도 아니고 B도 아니다
generation gap,세대 차이
conservation,"보존, 보호"
marshal,(군의)대장
free,"무료의, 자유로운"
mention,언급하다
orchard,과수원
feature,"특징, 얼굴"
agency,대리점
beak,부리
uneasily,불안하게
worry,걱정하다
pest,해충
take a risk,위험을 무릅쓰다
routinely,일상적으로
pain,고통
chat,수다
mumble,중얼거리다
boss,상사
try,"시도하다, 노력하다"
jar,항아리
professional,전문적인
addiction,중독
employer,고용주
commuting,통근
belonging,소유물
breathtaking,아슬아슬한
mount,"~을 싣다, 오르다"
shell,껍질
nourishing,영양가 있는
indifference,무관심
review,복습하다
adequately,적당하게
sadness,슬픔
react,반응하다
service,서비스
beneficial,유익한
tiny,작은
prescription,처방
sail,항해하다
complex,복잡한
sob,흐느껴 울다
exclaim,소리치다
shake,흔들다
purpose,목적
deal with,~에 대처하다
standardization,표준화
degrade,"분해하다, 비하하다"
fix,"고정시키다, 수리하다"
engineering,공학
scorching,"불에 타는 듯한, 더운"
result from,~에 기인하다
competition,경쟁
recent,최근의
receive,받다
messy,어질러진
spouse,배우자
editor,편집자
associated,관련된
delicious,맛있는
imprint,"감명시키다, 누르다, 찍다"
academic,"대학의, 학구적인"
sand,모래
floral,꽃의
quantity,"양, 다량"
mindedness,(~하고 싶은) 생각이 있음
writing,글
trial and error,시행착오
toxin,독소
wear out,닳다
apology,사과
occur,일어나다
attain,달성하다
residential,거주하는
willingness,기꺼이 하는 마음
shorthand,"속기, 약칭"
foreigner,외국인
observable,관찰할 수 있는
excursion,소풍
settle,정착하다
disagreement,불일치
texture,"질감, 감촉"
interpersonal,대인관계의
dioxide,이산화물
in front of,~의 앞에
investment,투자
revolution,혁명
aid,돕다
disc,원반
get to,"~에서 기다리다, 서성거리다"
hang around,무리 짓다
slam,쾅 부딪치다
frighten,~을 깜짝 놀라게 하다
resistance,저항
demonstration,"논증, 데모"
discord,다툼
migrant,"이주하는, 이주자"
copier,복사기
according to,~에 따르면
regardless of,~에도 불구하고
immigrate,이민 오다
extracurricular,과외의
unavoidable,피할 수 없는
deer,사슴
role,역할
goal,목표
index,색인(을 달다)
altitude,높이
through,~을 통해
uneasy,불안한
wetland,습지대
twice,"두 번, 두 배로"
geometry,기하학
clown,어릿광대
centigrade,섭씨
perfection,완벽
inaction,"활동부족, 무대책"
evaluation,평가
brick,벽돌
overschedule,과도한 계획을 세우다
mindless,"어리석은, 부주의한"
position,"지위, 위치"
corner,구석
emotion,감정
feed,"먹이, 먹이를 주다"
wrong,틀린
pulp,과육
celery,셀러리(식물)
racial,인종의
run off,흘러나오다
valuable,"가치 있는, 값 비싼"
delight,기쁨
position,지위
wag,(꼬리를)흔들다
bid,"명령하다, 입찰하다"
lifestyle,생활양식
productive,생산적인
aspiration,열망
shedding,"흘리기, 발산"
circumstance,"상황, 환경"
habitant,주민
despise,경시하다
keep in mind,기억해두다
areal,면적의
apparition,유령
update,갱신하다
spin,돌리다
look into,"~을 조사하다, ~안을 들여다보다"
opponent,"적, 상대"
boast,자랑하다
few,거의 없는
danger,위험
consequence,"결과, 중요성"
etiquette,에티켓
come out,나오다
marginal,"미미한, 경계선상의"
underpass,지하도
hoarsen,목이 쉬다
annual,해마다의
interaction,상호작용
irresistibly,어쩔 수 없이
objection,"반대, 항의운동"
justification,"정당화, 변명"
drop-out rate,중도 자퇴율
regime,"정권, 계획"
attorney,"변호사, 법조인"
distrust,수상히 여기다
bilingual,두 나라 말을 하는
capability,"능력, 역량"
megaphone,"메가폰, 확성기"
selfish,이기적인
bleach,"표백제, 하얗게 되다"
deposit,"보증금, 예금"
yield,"수익을 내다, 산출"
ocean,"바다, 해양"
distinctiveness,"별개, 특수성"
liar,거짓말쟁이
enchant,매혹하다
direct,"직접적인, 지휘"
surplus,"과잉, 흑자"
indirect,간접적인
comedy,희극
clip,"자르다, 핀"
in part,일부는
trustworthiness,진실성
extraordinary,비범한
notably,"현저하게, 분명히"
correctly,정확하게
contribution,기부
raise,"올리다, (동물이나 아이를)기르다"
bound,"튀어 오르다, 경계선"
degree,"정도, 학위"
stockpile,저장하다
outnumber,~보다 수가 많다
credit A with B,A가 B를 가지고 있다고 인정하다
infant,유아(의)
unlike,~와는 다르게
mechanically,기계적으로
baseless,근거 없는
inspect,"검사하다, 시찰"
troublesome,"성가신, 골칫거리"
electric,전기의
biological,생물학적인
ease,편함
specialist,전문가
caretaker,관리인
boil,"끓다, 격분하다"
inside,안쪽
primary,"첫째의, 주요한"
promise,약속(하다)
A as well as B,B뿐만 아니라 A도
progressively,"계속해서, 점진적으로"
soldier,군인
date from,~부터 시작되다
calmly,조용히
emptiness,"공허감, 비어있는 것"
register,등록(하다)
overtime,초과근무
distort,"왜곡하다, (형체를) 비틀다"
lung,폐(내장 기관)
perception,"인식, 통찰력"
internal organ,내장(내부 기관)
orderly,"규칙적으로, 정돈된"
sheet,"얇은 천, 종이 한 장"
kidnapping,유괴
alternately,"양자택일로, 번갈아"
conceive,"상상하다, 임신하다"
macular,반점이 있는
originality,독창성
at times,때때로
heir,"상속인, 계승하다"
superficial,"피상적인, 얄팍한"
trigger,"(총의)방아쇠, (사건을)유발하다"
disability,"무능, 장애"
unacceptably,용납할수 없게
skillfully,"교묘하게, 솜씨 있게"
anger,분노
snapshot,스냅 사진
talkative,"수다스러운, 이야기하기 좋아하는"
fragrant,향기로운
informed,"통보된, 잘 아는"
potentially,잠재적으로
dread,"두려워하다, 공포"
perhaps,아마도
unsuspect,의심하지 않다
citizen,시민
emitter,"발행인, 방사체"
either A or B,A이거나 B인
tofu,두부
eco-insurance,생태 보험
pollute,오염시키다
countryside,"지방, 시골지역"
torch,횃불
overtake,"~을 추월하다, 불시에 닥치다"
combat,"전투, 방지하다"
monstrous,기괴한
crown,왕관
ashamed,부끄러워하는
lift,들다
smooth,"부드러운, 순조로운"
eyeball,안구
collaboration,"협동, 공동작업"
durability,"튼실함, 내구성"
terrorism,테러
plate,"접시, 요리"
shipwreck,난파
offspring,"자손, 자식, 파생물, 결과"
terminology,전문용어
fear,두려움
yet,"그러나, 아직"
alien,"이질적인, 외계인"
twist,"구부리다, 꼬다"
nuclear,"핵, 원자력의"
curly,곱슬머리의
reflect,"반사하다, 나타내다"
convert,"개종하다, 전환시키다"
preparation,준비
inside out,뒤집어서
hormone,호르몬
distantly,"멀리, 냉담하게"
deficit,"부족, 적자"
dive,잠수하다
digestive,소화의
amendment,개정안
level,수준
at a rate,~한 비율로
insert,삽입하다
disorder,"혼란, 장애"
armrest,팔걸이
chew on,"잔소리하다, 심사숙고하다"
veil,"베일, 면사포"
troop,군대
profound,"심오한, 엄청난"
indicator,"지시자, 지표"
era,시대
seldom,좀처럼 ~않는
transmit,"전송하다, 전염시키다"
wirelessly,무선으로
sufficiently,충분히
copious,"대량의, 자세한"
in return,답례로
frustrated,좌절한
rise,"오르다, 성공, 증가"
breed,"번식, 사육하다"
pretend,~인 체하다
smokescreen,연막
outdated,구식의
revolt,"폭동, 반발하다"
retail,소매(상)
belief,신뢰
sweet,달콤한
frequency,"빈도, 주파수"
forehead,"이마, 앞부분"
broaden,넓히다
skid,미끄러지다
tolerance,"관용, 이해"
lid,"뚜껑, 단속"
vibrate,진동하다
cutdown,축소
article,"기사, 한 품목"
devastating,"괴멸적인, 충격적인"
synchronize,"일치시키다, 동시에 일어나다"
harmonize,조화시키다
antioxidant,산화방지제
contest,"경쟁, 대회"
unzip,지퍼를 열다
billion,"10억, 막대한 수"
childhood,유년 시절
fairy,요정
activity,활동
stimulation,"자극, 격려"
novelist,소설가
condominium,아파트(공동주택)
blood vessel,혈관
breath,호흡
foundation,"기초, 설립"
drastically,"맹렬히, 철저히"
interruption,"중단, 방해"
omit,"생략하다, (~하는 것을)잊다"
store,"저장하다, 상점"
let out,흘러나오다
department,"(조직의)한 부분, 일부"
smash,"부딪히다, ~을 산산이 부수다"
customary,습관적인
frequently,빈번하게
ecological,생태학적인
nest,"둥지, 은신처"
flip,"튀기다, 가볍게 치다"
chord,(악기의)코드
satisfy,만족시키다
currency,"통화, 화폐"
turn away,"대면하다, 거부하다"
in the end,결국에는
noted,유명한
pointless,"무의미한, (경기가)무득점인"
pull over,길 한쪽에 세우다
certainty,확실성
mess,"혼잡, 엉망진창인"
feeble,"연약한, 희미한"
bubble,거품
remove,제거하다
divorce,이혼하다
peculiarity,특이성
consecutive,"연속의, 일관된"
percent,퍼센트
traffic,교통
sailor,선원
dictionary,사전
destine,"예정해 두다, 운명 짓다"
beholder,구경꾼
pronoun,대명사
souvenir,"기념품, 추억"
enlarge,확대하다
component,"구성하는, 성분"
toil,"수고, 올가미"
physique,"체격, (토지의)지형"
treasure,"보물, ~을 소중히 하다"
thrive,"번영하다, 목표를 달성하다"
recall,"회상하다, 소환하다"
mercy,자비
itch,가려움
back up,후원하다
suddenly,갑자기
appeal,"호소하다, 힘·매력"
glaciologist,빙하학자
deluxe,호화로운
dialect,방언
enthusiasm,열정
tale,"이야기, 거짓말"
sustain,"지탱하다, ~을 계속하다"
noodle,"국수, 이것저것 생각해보다"
influential,영향을 미치는
favorite,좋아하는
rarely,"드물게, 각별하게"
graduation,졸업
whether,~인지 아닌지
volatile,"휘발성의, 즉흥적인"
stubborn,완고한
response,응답
so to speak,말하자면
formula,"방식, 공식"
cultivate,"경작하다, 양성하다"
preschool,유치원생의
desperate,"필사적인, 절망적인"
fat,"지방, 살찐"
cheery,기분 좋은
necessity,필수품
innovate,"혁신하다, 도입하다"
ethics,윤리
awesome,"무시무시한, 멋진"
set in motion,시동을 걸다
used to,~하곤 했다
socialize,"사귀다, 사회화하다"
arch,활 모양의
card,카드
renovate,"개조하다, 혁신하다"
hesitate,주저하다
exhibit,"전시하다, 나타내다"
give up,포기하다
bone,뼈
come from,~의 출신이다
run out of,~을 다 써 버리다
momentum,"운동량, 탄력"
mechanical,기계의
instant,즉석의
railroad,철도
figure out,"발견하다, 이해하다"
accuracy,정확성
drug,"약물, 술"
report,보고(하다)
refugee,"난민, 망명자"
bonfire,모닥불
trash,"더럽히다, 쓰레기"
mistreat,혹사하다
admit,"인정하다, (입장을)허가하다"
deadline,"사선, 최종기한, 사용 금지하다"
expansiveness,"광대함, 팽창"
in spite of,~에도 불구하고
give out,"다하다, 정지하다"
cardinal,"기본적인, 주요한"
tiresome,"귀찮은, 싫증나는"
roll,"구르다, (자동차, 열차가)달리다"
independently,독립적으로
liberty,자유
scream,"소리치다, 분노를 터뜨리다"
match up,~와 일치하다
remind,상기시키다
fancy,"화려한, 장식된"
indoor,실내의
paralyze,"마비시키다, ~을 무력하게 하다"
improvement,개선하다
relativism,상대성 이론
huge,거대한
benefit,"이익, 도움(원조)"
niche,"적재적소, 적절한 곳"
dominant,"지배적인, 뛰어난"
congratulation,축하
room,"방, 공간"
require,요구하다
mom-and-pop,가족 경영의 
wrestle,"싸우다, 레슬링 시합을 하다"
nearby,가까이에
deprivation,결핍
relative,"친척, 상대적인"
large-scale,대규모의
width,넓이
wail,울부짖다
astonishing,놀라운
eternally,영원히
vacuum,진공(의)
stable,"안정된, 마구간"
injure,상처를 입히다
independent,독립적인
apparent,"분명한, 외관상의"
explorer,"탐험가, 검사장치"
flattery,아첨
poverty,"가난, 결핍"
sore,"아픈, 슬픈"
pod,(식물의)꼬투리
headquarter,본부
darkness,어둠
directly,직접적으로
violate,"위반하다, ~을 난폭하게 다루다"
nevertheless,그럼에도 불구하고
familiarity,친밀
wealthy,부유한
colony,"식민지, 집단거주지"
temperate,"절제하는, (기후가)온화한"
involvement,"연루, 분쟁"
sarcastic,"빈정대는, 풍자적인"
assume,"가정하다, ~라고 생각하다"
take on,~을 인수하다
well-known,잘 알려진
that is to say,즉
biologically,생물학적으로
institute,"연구소, (제도를)마련하다"
lonely,고독한
grocery,식료 잡화점
post,"게시하다, 지위, 기둥"
swap,"바꾸다, 물물교환하다"
instinctively,본능적으로
sensation,"감각, 반향, 큰 이야깃거리"
experiment,실험(하다)
pass for,~로 통하다
correctness,정확함
workload,"작업량, 업무량"
save,"구하다, 저금하다"
purr,(고양이가) 그르렁거리다
neighborhood,"이웃, 근접"
gravity,중력
core,"핵심, (지구의)중심부"
protect,보호하다
companionship,교우
awareness,"인지, 주의"
exact,"정확한, 엄중한, 강요하다"
of value,가치가 있는
eliminate,제거하다
sugarcane,사탕수수
claw,갈고리발톱
cite,"인용하다, 소집하다"
recipient,수취인
counterpart,"사본, 상대물"
motivate,동기를 부여하다
so-called,이른바
rigor,"어려움, 가혹함"
sophisticated,"세련된, 정교한"
spine,등뼈
integrate,"통합하다, 완성하다"
fierce,"거친, 사나운"
once in a while,가끔씩
employee,직원
comet,혜성
on duty,직무중의
neat,단정한
unexplainable,설명할 수 없는
additionally,추가적으로
develop,"발달시키다, (사진을)현상하다"
evidence,증거
garbage,쓰레기
soybean,콩
unsuccessful,실패한
turn in,~을 제출하다
observation,"관찰, 판단"
bad dream,악몽
illegal,불법의
time and again,반복해서
forum,연설장
depict,"표현하다, ~을 그리다"
bark,짖다
leave A for B,A를 내버려 두고 B에게 가다
grief,슬픔
productivity,생산성
plague,"전염병, 재해"
stupid,어리석은
ethologist,동물행동학자
work,작용하다
serenade,세레나데(를 연주하다)
subtract,"공제하다, (수학에서)빼다"
figure,"숫자, 계산, 형태"
ridiculous,"우스운, 바보스러운"
pickup,"짐을 싣는 것, 수집"
bury,"묻다, 망각하다"
marriage,결혼
dare,감히~하다
landscape,풍경
illusion,환상
strategy,전략
fairness,공정
plump,"풍만한, 털썩 떨어지다"
bean,콩
communication,통신
combine,결합시키다
fold,"접다, 포개다"
adventure,"모험, 위험을 무릅쓰다"
space,"우주, 공간"
complexity,복잡성
detail,"세부, 상술하다"
imagine,상상하다
audition,오디션
vanish,"사라지다, 희미해지다"
ordinary,보통의
field,"분야, 들판"
bureau,"사무국, 안내소"
outdoor,집 밖의
affectionate,애정 어린
interest,흥미
crisis,위기
pigment,색소
make use of,~을 이용하다
standard,"표준, 깃발"
survival,생존
nickname,별명
guy,남자
ironically,반어적으로
panic,공포(를 일으키다)
prevalent,"유행하는, 보급된"
participant,"참여하는, 참가자"
quote,인용하다
ridicule,"비웃음, 비웃다"
fuel,연료를 급유하다
wife,아내
thief,도둑
discussion,토의
remodel,"개조하다, 고치다"
subscription,"기부(금), 정기구독(료)"
prefer,~을 보다 더 좋아하다
cyclist,자전거 타는 사람
divert,전환하다
rigid,엄격한
client,고객
uplift,"들어 올리다, 사기를 북돋우다"
instead,대신에
court,안마당
impatience,"성급함, 참지 못함"
investigate,~을 조사하다
indirectly,간접적으로
portrayal,"묘사, 초상(화)"
tourist,관광객
speech,연설
take hold of,~을 붙들다
substantial,"실질적인, (양·크기가)상당한"
apart from,별도로
be aware of,~을 알고 있는
excitement,흥분
contractor,청부인(계약자)
endlessly,끝없이
rapidly,재빠르게
advertise,광고하다
edition,"(초판, 재판의)판"
eyebrow,눈썹
footwear,신발(류)
quarter,"4분의 1, 15분"
uncertainty,불확실성
load,"짐, (정신적)부담"
octopus,문어
instruction,"지시, 교육"
surgery,외과
amazingly,놀랍게도
complementary,"보충의, 서로 보완하는"
handicap,장애
heap,"더미, ~을 쌓아올리다"
right,"오른쪽, 바른, 권리"
oval,타원형(의)
chemistry,화학
flame,"불꽃, 타오르다"
make a living,생계를 유지하다
antique,골동품
succeed,성공하다
diversity,다양성
standing time,대기 시간
burn,타다
precede,"우선하다, ~에 앞서다"
cooperative,협력적인
extensive,광범위한
obey,복종하다
be going to,~할 예정이다
wage,"임금, 투쟁하다"
excite,흥분시키다
partner,파트너
snap,"잡아채다, (찰깍)소리 나다"
improve,개선하다
exclude,"제외하다, 추방하다"
dump,쓰레기
stature,"키, (신체·도덕적)발달"
rechargeable,재충전되는
name A after B,B의 이름을 따서 A라고 이름 짓다
bull,"황소, (코끼리의)수컷"
compress,압축
aggressive,공격적인
suntan,선탠(볕에 그을림)
investigation,조사
head,"머리, 향하다, 지휘하다, "
bright,"빛나는, 영리한"
farmland,농토
inner,내면의
duty,의무
assault,"공격하다, 비난"
take place,발생하다
cozy,"기분 좋은, 아늑한"
uncomfortable,불편한
subject,"주제, 주어, 피실험자"
by no means,반드시 ~한 것은 아닌
leave A to B,A를 B에게 맡기다
realize,"깨닫다, 알아차리다"
ignore,무시하다
understandably,"당연히, 분명히"
zap,잽싸게 움직이다
versus,대(vs)
flickering,깜박거리는
intent,"의지, 의도, 취지"
compromise,타협하다
net-like,그물모양 같은
horizontally,수평으로
encourage,용기를 북돋다
babble,"왁자지껄 하다, 재잘거리다"
compatriot,같은 나라의
synonymous,동의어의
twinkling,빛나는
gradually,차츰
blindly,맹목적으로
magnify,~을 확대하다
ethnic,인종의
cholesterol,콜레스테롤
luxurious,사치스러운
psychic,영혼의
deregulation,규제완화
crime,범죄
package,"꾸러미, 세트판매"
surrender,항복하다
convenient,편리한
likeness,"닮음, 유사성"
astrology,점성학
circulate,"순환하다, 유포하다"
compute,"계산하다, 컴퓨터를 조작하다"
intense,"강렬한, 혹독한"
persist,"고집하다, 지속하다"
travel,여행(하다)
periodic,주기적인
strikingly,두드러지게
persuasively,설득력 있게
punish,벌하다
be good for,"~에 좋다, ~에 알맞다"
rage,격노
resent,분개하다
shipment,"선적, 수송"
in contrast,대조적으로
significance,"의미, 중요성"
entertainment,오락
preserve,보존하다
terrific,"굉장한, 엄청난"
runny,"(콧물·눈물이)흐르는, 흐르는 경향이 있는"
community,"공동체, 지역사회"
merely,"단지, 겨우"
cynical,냉소적인
multiracial,"다민족의, 복합인종의"
hub,(활동의)중심
landlord,집주인
organ transplant,장기 이식
lip,"입술, 수다"
a stack of,많은
excited,흥분한
enter,"들어가다, 입학하다"
muscle,근육
valid,유효한
impress,~에 감명을 주다
half,"절반, 2분의1"
well-being,행복
dissatisfy,불만을 느끼게 하다
dot,점(을 찍다)
alternative,"양자택일, 대안"
perform,"수행하다, 연기하다"
inexpensive,"저가의, 비용이 들지 않는"
slight,적은
envy,질투
organization,"조직, 기구"
suck,흡수하다
distasteful,"불쾌한, 마음에 들지 않는"
stomachache,복통
canvas,"우화, 배경"
catalog,목록
resume,"재개하다, 개요"
incredibly,"엄청나게, 믿을 수 없이"
hydrogen,(화학)수소
desirable,바람직한
multiple,"다중의, 배수"
glorious,영광스러운
coworker,동료
conclude,"끝내다, 결론짓다"
attic,다락방
monolog(ue),독백
completely,완전히
overheat,과열시키다
aging,고령화
trans fat,트랜스지방
graduate school,대학원
furious,맹렬한
exploration,"탐구, 진찰"
break into,~에 침입하다
shepherd,"양치기, 안내하다"
painful,고통스런
sculpture,조각품
blood,혈액
criticize,비평하다
divide,~을 나누다
meeting,회의
utilize,이용하다
calculate,"계산하다, 추정"
guilt,"유죄, 책임"
indicate,가리키다
keep out,못 들어오게 막다
leather,가죽
skin,피부
anniversary,기념일
religious,종교적인
turn on,켜다
existence,존재
by chance,우연히
friendly,친근한
erect,"~을 세우다, 자세가 바른"
board,"판자, 탑승하다"
glad,기쁜
somehow,어떻게든 
spectator,"구경꾼, 관중"
bookshelf,책꽂이
actually,실제로
kindhearted,친절한
aquatic,수생의
needless to say,말할 것도 없이
prison,교도소
leopard,표범
insect,곤충
promptly,"즉시, 신속하게"
discipline,"훈련하다, 규율"
take for granted,당연히 여기다
representative,"대표자, 대표하는"
expressway,고속도로
contradictory,"정반대의, 모순의"
companion,"동료, 동반하다"
dispute,논쟁하다
prolonged,"길게 이어지는, 장기적인"
take over,인수하다
guilty,유죄의
frantically,"미친 듯이, 굉장히"
skeptical,회의적인
find out,"파악하다, 발견하다"
tribal,부족의
modified,변경된
clumsy,"어설픈, 솜씨가 나쁜"
credit card,신용카드
thorough,"전적으로, 철저한"
rot,부패하다
instance,"보기, ~을 예로 들다"
attractive,매력적인
dent,움푹 들어간 곳
wear,"입다, 착용하다"
intensive,"강한, 집중적인"
mist,안개
dazzle,"현혹시키다, 눈부시게 하다"
address,"주소, 인사말, 연설하다 "
replace,대체하다
wicked,사악한
director,"지도자, 감독"
follow,"따르다, 이해하다"
chill,추위
dealership,판매 대리점
industrial,산업의
aquatic,수생의
fridge,냉장고
prey,"먹이, 잡아먹다"
escort,"호위자, 호위하다"
carry into,실행하다
come in handy,편리하다
impure,더러운
warn,경고하다
mix,~와 섞다
wasteland,폐허
bribe,"뇌물, 매수하다"
pony,조랑말
dramatically,극적으로
difficulty,어려움
fur,"모피, 털"
unreal,허위의
sight,시야
discourage,"낙담시키다, 막다"
effortless,"힘들지 않는, 노력하지 않는"
swiftly,신속하게
offend,"위반하다, 성나게 하다"
usefulness,"유용성, 쓸모 있음"
firework,불꽃
out of place,장소에 어울리지 않는
loaded,짐을 실은
calculator,계산기
friendship,우정
curdle,"분리되다, 응고시키다"
yawn,하품하다
expression,표현
unemployed,실직한
facilitation,"촉진, 용이하게 함"
absurd,"불합리한, 우스꽝스러운"
filmmaker,영화 제작자
on business,사업상
imply,"암시하다, 의미하다"
detector,"발견자, 탐지기"
dish,접시
sign,"서명하다, 표시"
for good,영원히
terror,공포
loosely,"부정확하게, 느슨히"
curriculum,교과 과정
pigeon,비둘기
practically,"실제로, 실용적으로"
foster,~을 촉진하다
humbling,"겸손한, (신분·지위가)미천한"
spotlight,스포트라이트
overgeneralization,과도한 일반화
theory,이론
other than,~이외에
drive,몰아내다
wireless,무선의
aggressor,침략자
unfortunate,불행한
beautician,미용사
overcome,극복하다
unrelated,관계가 없는
cease,중지하다
brain,뇌
avalanche,눈사태
conquer,정복하다
unprepare,예상치 못한
stroke,"타격, 맥박"
life,"생물, 생명"
further,더 멀리
acquaintance,"아는 사람, 지인"
turn,"회전시키다, 돌리다"
optimistic,낙천주의의
miss,"놓치다, 그리워하다"
dedication,"기부, 헌신"
bow,머리를 숙이다
education,교육
integrity,"성실, 완전"
insult,모욕(하다)
clinical,"임상의, 간소한"
fairly,"공정히, 꽤"
promotion,"승진, 홍보"
brief,간결한
mushroom,"버섯, 급격히 퍼지다"
bankrupt,파산한
commotion,소란
resemble,~을 닮다
aerobic,에어로빅
recently,최근에
rubber,"고무, 지우개"
immense,"거대한, 막대한"
compose,"구성하다, 작곡하다"
mysterious,미스터리한
sheep,양(동물)
recognize,"인식하다, 공인하다"
prediction,예언
uniform,유니폼
wash,세탁하다
exhibition,전람회
grower,"재배자, 자라는 식물"
silence,"침묵, 고요"
suitcase,여행 가방
nervous system,신경계
flood,홍수
crave,갈망하다
resist,저항하다
harvest,"수확, 수확물"
dry,건조한
novel,소설
movement,"운동, 이동"
face,"얼굴, 직면하다, 향하다"
barn,헛간
assign,"배정하다, (일·책임 등을)맡기다"
attractively,매력적이게
job seeker,구직자
lawn,잔디
physicist,물리학자
roasted,구운
grocer,식료품 잡화상
remarkable,주목할 만한
long for,~을 갈망하다
even,"심지어, 평평한, 짝수의"
chart,도표
lax,"태만한, 늘어진"
ambiguous,애매한
human,인간
slide,"미끄러지다, (가치가)떨어지다"
be broke,파산하다
quickly,빨리
verify,증명하다
favor,호의를 보이다
yeast,효모
blow up,폭발하다
mythical,"신화의, 사실이 아닌"
irrationally,"불합리하게, 비이성적으로"
regional,지역의
excessive,과도한
outgoing,"외향성의, (자리를)떠나는"
beside,~의 옆에
passive,수동적인
no(t) A but B,A가 아니라 B
protective,보호하는
copywriter,작가
markedly,두드러지게
furniture,가구
flight,비행
jellyfish,해파리
popular,"인기 있는, 대중적인"
rusty,녹슨
burden,"짐, 부담을 지우다"
guide,안내하다
define,"~을 정의하다, 분명히 밝히다"
cargo,화물
extreme,극도의
specialize,전문으로 하다
generous,"관대한, 넉넉한"
note,기록
supposedly,"아마도, 추정상"
turtle,거북이
translate,"번역하다, 통역하다"
mice,쥐(mouse)의 복수형
juvenile,"청소년의, 어린애 같은"
ash,"재 (화산재, 담뱃재등)"
homelessness,집 없는 사람
development,발전
decentralize,분산시키다
laptop,노트북 (컴퓨터)
rate,비율
astonish,~을 놀라게 하다
celebrated,유명한
pleasant,즐거운
convenience,편의
from time to time,때때로
fig,무화과
risk,위험
hallway,복도
enforce,"집행하다, 강력히 주장하다"
geographical,지리학의
memorize,기억하다
distance,"거리, 먼 곳"
nursery rhyme,자장가
thirst,목마름
diet,"음식, 식이요법"
pitch,"던지다, 음의 높이"
underdeveloped,저개발의
professionally,전문적으로
for the time being,당분간은
take A off B,B에서 A를 떼다
purely,"순수하게, 오직"
consumption,소비
equator,적도
distress,"곤란, 괴로움"
ask to,"질문하다, ~에 초대하다"
additional,추가적인
make a decision,결심하다
atmospheric,"대기의, 분위기의"
skydiver,스카이다이버
settlement,정착
faint,"희미한, 미약한"
innate,타고난
springtime,봄철
seasoning,조미료
prescribe,"처방하다, 규정하다"
since,~한 이후로
valley,계곡
handshake,악수
thumb,엄지
social,사회의
impatiently,"성급하게, 참지 못할 만큼"
lake,호수
overheard,"우연히 듣다, 도청하다"
emotionally,감정적으로
abolish,폐지하다
by and large,대체로
residence,거주
prior to,~보다 전에
lie,"눕다, 놓여있다, 거짓말하다"
roach,바퀴벌레
description,묘사
honeymoon,신혼여행
mud,진흙
per capita,1인당
nerve,"신경, 용기(courage)"
nutrition,영양소
witless,"지혜 없는, 무분별한"
synonymously,"같은 뜻으로, 동의어로"
arrogance,거만
pull down,낮추다
longevity,장수
strengthen,강화되다
oppression,"억압, 고난"
army,군대
individualistic,개인적인
decide,결정하다
storm,폭풍
await,~을 기다리다
geography,지리학
religion,종교
flinch,"위축되다, 뒷걸음치다"
contestant,"경쟁자, 대회참가자"
superstitious,미신의
pop,팡 터뜨리다
fog,안개
facial,얼굴의
associate,"결합하다, 연상하다"
tablet,알약
applause,박수갈채
underneath,~아래에
party,"정당, 파티"
comprehensive,"포괄적인, 넓은"
take off,벗다
entrance,"입장, 입학"
reaction,반응
sophisticate,"세련된 사람, 정교하게 하다"
diabetes,당뇨병
foolish,어리석은
mystery,미스터리
bishop,"감독자, 주교"
in particular,특히
defect,"결점, 장애"
successive,연속적인
chase,추적하다
exaggeration,과장
adequate,적당한
progress,진보(하다)
motherhood,모성
way,"길, 방법"
sensible,"합리적인, 분별 있는"
disaster,재해
ski,스키(를 타다)
liquid,액체의
mainly,"주로, 대부분"
border,경계선
deceive,속이다
fundamental,근본적인
displease,~을 불쾌하게 하다
haircut,"머리모양, 이발"
weigh,무게를 달다
hire,"고용하다, 빌려주다"
contemporary,"동시대의, 현대의"
lengthy,"긴, 장황한"
garage,차고
wool,양모
accomplishment,"성취, 업적"
arrest,~을 체포하다
success,성공
divine,신성한
donor,기부자
mold,틀(에 넣어 만들다)
habitual,습관적인
parade,행진(하다)
summary,요약
hold up,"견디다, 떠받치다"
coordinated,"통합된, 연계된"
unfinished,끝나지 않은
conscious,의식하고 있는
tone,어조
analyze,분석하다
monitor,"모니터, 감시하다"
invisible,눈에 안 보이는
metal,금속의
tan,햇볕에 태우다
cheer,"격려(하다), 환호"
passion,열정
acutely,절실히
fatigue,피곤
fortune,"재산, 행운"
surroundings,주변 환경
toothbrush,칫솔
clerk,점원
hide,숨다
throw up,"토해내다, 때려치우다"
script,대본
assimilation,"동화, 흡수"
growth,"성장, 발전"
moderate,"절제 있는, 적당한"
bare,벌거벗은
self-centered,자기중심의
fearfully,무서워하며
easily,쉽게
application,"적용, 신청"
weight,무게
predecessor,"전임자, 이전의 것"
cultural,문화적인
nephew,조카
ballerina,발레리나
depress,"낙담시키다, 우울하게 하다"
death penalty,사형
dump,"처분하다, (쓰레기 등을)버리다"
gym,체육관
timekeeping,"시간엄수, 계시(시간을 재는 일) "
convey,전달하다
fulfill,"이행하다, 성취하다"
knowledgeable,박식한
thousands of,수천의
sandy,모래의
range,범위(가 ~에 이르다)
essential,"본질적인, 필수적인"
ladder,사다리
deceive,속이다
portable,휴대용의
irritative,짜증나게 하는
blister,물집
wiggle,"흔들다, 꿈틀꿈틀 움직이다"
perfectionism,완벽주의
detect,~를 찾아내다
nectar,"꿀, 과일즙"
stripe,줄무늬
gut,"창자, 내장"
comprehend,이해하다
anxiously,걱정스럽게
mimic,"가짜의, 흉내내다"
strictly,엄격하게
catch up with,따라잡다
universal,"보편적인, 우주의"
summon,"소환하다, (회의를)소집하다"
whereas,~에 반하여
typically,전형적으로
flow,흐르다
politician,정치가
priceless,매우 귀중한
globe,"지구본, 세계"
take part in,참여하다
patiently,끈기 있게
selection,선택
misconception,오해
underachieve,(능력에 비해) 낮은 성과를 얻다
manipulate,"조종하다, 조작하다"
garlic,마늘
nightgown,잠옷
enzyme,효소
kindness,친절
prize,"상품, 소중히 여기다"
straightforward,똑바른
fruit,과일
approximate,대략의
blow,"불다, 강타"
rotten,썩은
chief,"지휘자, 주된"
install,설치하다
cut in,끼어들다
fertilizer,비료
misfortune,불운
prospect,"전망, 조사하다"
innately,선천적으로
violence,폭력
pleasure,기쁨
cracked,금이 간
fair,"공정한, 축제마당"
dawn,"새벽, 시작"
refuel,연료를 재급유하다
cluster,"집단, 모이다"
creak,삐걱거리다
ripple,잔물결이 일다
thrust,"밀다, 찌르다"
outweigh,~보다 무겁다
worthiness,가치
frown,"못마땅해 하다, 인상을 찌푸리다"
widen,넓히다
electronic,전자의
village,마을
devote,바치다
gleaming,번쩍거리는
visible,"명백한, (눈에)보이는"
kind,친절한
build,구축하다
insist,"주장하다, 계속하다"
unimaginable,상상할 수 없는
confirmation,"확신, 확인(서)"
tenderness,부드러움
regular,규칙적인
gasp,"숨 막히다, 헐떡거리다"
peel,껍질
possessive,소유의
barren,"메마른, 척박한"
chirp,"지저귀다, 무선장치로 연락하다"
urge,"강요하다, 설득하려 하다"
linear,직선의
unlikely,~일 것 같지 않은
sword,칼
brilliant,"훌륭한, 반짝반짝 빛나는"
harm,"해를끼치다, 다치게 하다"
bluish,푸르스름한
distrustful,의심 많은
greatness,훌륭함
after all,결국
evade,회피하다
make it,성공하다
bring up,~를 기르다
for one thing,하나는
mediate,조정하다
scholarship,장학금
gunpowder,화약
just as,꼭 ~처럼
crazily,미치광이 같은
codebreaker,암호 해독자
issue,"주제(쟁점), 발행하다"
allow,허락하다
pressure,압박
bloody,유혈의
fee,보수
obvious,명백한
weary,"피곤한, 몹시 고단한"
revolver,연발 권총
riot,폭동
endure,참다
silent,조용한
established,"인정받는, 확립된"
thriving,번영한
structural,구조의
whisper,속삭이다
beloved,"사랑받는, 총애받는"
blossom,"꽃, 꽃이 피다"
rational,합리적인
indecisive,우유부단한
unprecedented,전례 없는
diligently,근면하게
viewpoint,관점
evident,명백한
return,돌아가다
in addition to,~에 덧붙여
mineral,광물(의)
foretell,~을 예고하다
scarcely,거의~하지 않다
royal,왕의
relocate,"재배치하다, 이전시키다"
pungent,"(혀, 코를)강하게 자극하는"
criticism,비평
flee,달아나다
leftover,나머지
genuine,진짜의
initiative,"시작, 처음의"
origin,기원
affectionately,"다정하게, 애정 어리게"
aside,곁에
repeatedly,되풀이하여
meet,"만나다, 만족시키다"
interactive,상호 작용하는
trail,"자국, 추적하다"
inborn,타고난
density,밀도
civilization,문명
first to all,무엇보다도
cope with,대처하다
miraculous,기적적인
malignant,"악의에 찬, 악성의"
soap,비누
isolation,고립
separation,"분리, 헤어짐"
mentally,정신적으로
thick,두꺼운
by heart,암기로
trivial,사소한
witness,목격하다
cursor,(컴퓨터)커서
philosophy,철학
commerce,"상업, 무역"
clarinet,클라리넷(악기)
solitude,고독
streamline,유선형의
colonist,식민지 주민
mood,분위기
leader,지도자
unstable,불안정한
imaginary,가상의
as long as,~하는 한
secure,안전한
endless,끝없는
bond,"유대, 결속, 접착시키다"
orphan,고아
cast,"던지다, 틀(거푸집)"
heel,뒤꿈치
compel,강요하다
graduate,"졸업하다, 졸업생"
bold,"대담한, 선명한"
radio wave,전파
confident,"확신하는, 자신감 있는"
reduction,감소
recurrent,재발하는
manuscript,"원고, 필사본"
unimportant,중요치 않은
shine,빛나다
expose,"표출하다, 폭로하다"
unpredictability,불확실
romantic,낭만적인
shrink,줄어들다
disassemble,분해하다
comfort,"위로, 편하게 하다"
commitment,"위탁(약속), 범행"
tide,"일어나다, 조수(밀물과 썰물)"
dumb,벙어리의
mars,화성
scientific,과학적인
trust,신뢰하다
jury,배심원단
shatter,산산이 부서지다
resonate,울려 퍼지다
ambition,야심
presenter,"발표자, 진행자"
offense,"위반, 공격"
bush meat,야생동물 고기
clay,진흙
vessel,"배, 그릇(용기, 통)"
fluctuate,"흔들리다, 변동을 거듭하다"
outward,밖의
ideally,이상적으로
sorrow,슬픔
characteristic,"독특한, 특징"
external,외부의
certainly,확실히
republican,공화국의
drainpipe,배수관
island,섬
employ,"고용하다, 소비하다"
pitiful,가엾은
drop,"버리다, 방울, 급강하"
undesirable,바람직하지 않은
bitter,쓴
pay toilet,유료 화장실
enormous,막대한
website,홈페이지
evolution,진화
enrollment,"입학, 등록"
holy,신성한
telescopic,망원경의
displeasure,불만
disintegration,"분해, 붕괴"
negative,"부정적인, 음성의"
matter,"물질, 문제, 중요하다"
hover,"(허공을)맴돌다, 하늘을 떠다니다"
literacy,읽고 쓰는 능력
rebuild,~을 재건하다
homeless,집 없는
career,"직업, 경력"
entree,입장
successfully,성공적으로
librarian,(도서관의)사서
knowledge,지식
hold back,방해하다
formalize,공식화하다
wisely,현명하게
mechanic,기계적인
make out,~을 이해하다
juice,주스
prestigious,명성 있는
distribution,분배
advertisement,광고
touching,감동적인
possess,소유하다
relatively,"상대적으로, 비교적으로"
industrialization,산업화
instruct,"가르치다, 지시하다"
glory,"영광, 기뻐하다"
share,"몫, 공유하다"
solidness,"굳음, 단결"
territorial,"영토의, 영역의"
hen,"암컷, 겁쟁이"
compartment,"칸막이, (칸막이 된)기차객실"
until,~할 때까지
improvise,즉석에서 하다
imagination,상상력
species,종(생물 분류 단위)
lack,부족
opinion,의견
principal,"주요한, 장"
preventable,예방할 수 있는
aim,"겨냥하다, ~할 작정이다"
beetle,"딱정벌레, (눈썹을)찌푸린"
be made of,~로 만들어지다
wayside,길가
a spoonful of,한 숟갈 가량의
strike up,시작하다
prompt,신속한
invasion,침략
survivor,생존자
carbon,탄소
ripen,익다
give way,"항복하다, 무너져 내리다"
make sure,확실하게 하다
pile,더미
disgust,혐오감
hay,건초
tape,녹음하다
belong to,~에 속하다
enamel,유약(에나멜)
alchemist,연금술사
original,최초의
while,"반면, ~하는 동안"
refrigeration,냉장
select,선택하다
desert,"사막, 버리다"
moisture,습기
urgency,긴급
reorganize,재조직하다
thread,실
penguin,펭귄
odorous,냄새가 나는
wearisome,"싫증나는, 지치게 하는"
environmental,환경의
understand,이해하다
pass away,죽다
pollination,꽃가루받이
harmless,무해의
stubbornly,완고하게
chatty,수다스러운
between the lines,간접적으로
bump,마주치다
event,"경기, 행사"
mastery,"지배, 숙달"
sole,"유일한, 단독의"
evaporate,증발시키다
in existence,현존하는
turn over,뒤집다
swear,"욕하다, 맹세하다"
pilot,항공조종사
isolation-being,고립된 인간
journalism,언론
soy,콩
monopoly,독점
approximately,대략
statistic,통계치
independence,독립
workforce,노동력
enclose,"에워싸다, 동봉하다"
tourism industry,관광 산업
strangely,이상하게
guess,추측하다
Renaissance,르네상스
nonexistent,존재하지 않는
maternity,"모성, 임산부의"
typhoon,태풍
nurse,"간호사, 간호하다"
row,"줄, 배를 젓다"
shock absorber,충격을 흡수하는 것
flavor,"풍미, 특징"
get away with,(벌 따위를) 교묘히 모면하다
abuse,남용하다
cosmetic,"화장품, 겉치레에 불과한"
be bound to,의무가 있다
exclusion,제외
coast,해안가
spread,"퍼지다, 확산"
mankind,인류
arrival,도착
what's more,더욱이
hand down,~을 전달하다
population,인구
inspire,"고무하다, 영감을 주다"
reality,진실성
shield,방패
operate,"작용하다, 수술하다"
packet,소포
apparently,"분명히, 외관상으로는"
exist,존재하다
exclusively,"독점적으로, 배타적으로"
unintelligible,이해 할 수 없는
expertise,전문적 기술
local,"지역의, 지방의"
draft,"밑그림, 수표"
prominent,"중요한, 유명한"
man-made,인공의
pity,연민
extend,"뻗다, 연장하다"
myth,신화
responsibility,책임
brave,용감한
evaluate,평가하다
shelf,선반
weakness,약함
immigrant,"이민, 이주자"
match,어울리다
generally,일반적으로
tremble,떨리다
terrified,깜짝 놀란
supervise,감독하다
downtrodden,"핍박받는, 짓밟힌"
direction,"방향, 지도"
introduce,소개하다
deficient,"결함이 있는, 결핍되어있는"
messenger,전달자
ferment,"효소, 발효시키다"
questionable,문제가 되는
worldwide,전 세계에
military,군대의
croaking,"개굴개굴하는, 그르렁거리는"
multi-cultural,다문화의
stay away,떨어져 있다
hoped-for,기대되는
civil,시민의
jam,"채워 넣다, 쨈"
live,살다
outstanding,"현저한, 두드러진"
spill,엎지르다
drought,가뭄
future,미래
carbohydrate,탄수화물
preservative,방부제
worthwhile,~할 가치가 있는
howl,"울부짖다, 짖는 소리"
vague,"애매한, 희미한"
melody,멜로디
appropriate,"도용하다, 적절한"
recipe,조리법
incredible,믿을 수 없는
essay,"수필, 시도하다"
dragonfly,잠자리
availability,"유용성, 효용"
gracefully,기품 있게
shoulder,어깨
hemisphere,"(지구, 천체의) 반구"
ambient air,"주변의 공기, 외기"
anything goes,무엇이든 허용하다
overweight,"초과 중량(의), ~보다 중요하다"
graceful,우아한
tariff,관세
dial,"숫자판, 눈금판"
believe,믿다
re-awakening,다시 일깨워주는
wrap,~을 싸다
tough,"거친, 힘든"
famous,유명한
be able to,~할 수 있다
archaeologist,고고학자
contrast,대조
timepiece,시계
quietly,조용히
complicate,복잡하게 하다
for example,예를 들어
supper,저녁 식사
historic,"역사, 역사적인"
normally,보통
volunteerism,자유 지원제
intimate,"친밀한, 암시하다"
economically,경제적으로
luncheon,오찬
rudely,버릇없이
limb,"사지(팔,다리), (새의)날개"
self-esteem,자존심
comprehension,"이해, 포괄성"
untrained,훈련 받지 않은
minister,장관
dangerously,위험하게
disagree,"일치하지 않다, 동의하지 않다"
convention,"관습, 집회"
refined,정제된
popularize,대중화하다
frontier,국경
responsiveness,"대답, 민감"
slip,미끄러지다
take a rest,휴식을 취하다
survive,살아남다
developing country,개발도상국
toothpaste,치약
beaver,비버(동물)
silky cocoon,누에고치
infection,감염
terrible,무서운
administer,"관리하다, 집행하다"
tool,도구
alienate,멀리하다
fatness,비만
recycle,재활용하다
dismal,"음침한, 울적하게 하는"
minimize,최소화하다
move,움직이다
thieve,훔치다
weak,허약한
add,더하다
look on A as B,A를 B로 여기다
peaceful,평화로운
bald,대머리의
ascend,오르다
fell,(나무를)베어 넘어뜨리다
buzz,윙윙거리는 소리
spending,지출
reasonable,"합리적인, 이성이 있는"
endangered,"위험에 처한, 멸종위기에 처한"
wingspan,(비행기의)날개 폭
anthropology,인류학
request,요구(하다)
owing to,~덕분에
sensibility,"감수성, 민감한"
reliable,믿을 수 있는
ultimately,궁극적으로
smoothly,매끄럽게
devastate,~을 황폐시키다
insulation,"격리, 절연(단열)체"
chimney,굴뚝
plant,"식물, 공장"
venture,사업
loud,소리가 큰
compulsory,"의무적인, 강제하는"
haste,신속
acknowledge,인정하다
cliff,낭떠러지
likewise,마찬가지로
romance,연애 소설
leap day,윤일(2월의 29일)
even though,비록~일지라도
refreeze,다시 얼리다
unnecessary,불필요한
inferiority,열등(함)
division,"분할, 3획"
Middle Ages,중세
vocational,직업상의
telegraphic,전보
glare,"섬광, 노려봄"
in nature,"사실상, 완전히"
scout,정찰병
tournament,토너먼트
soak,빨아들이다
shriek,"비명소리, 소리를 지르다"
unqualified,자격이 없는
spectrum,스펙트럼
heaven,천국
worth,~할 가치가 있는
backyard,뒤뜰
saliva,침
reckless,무모한
get even,되갚다
tube,관
janitor,"수위, 청소부"
spectacle,"장관, 광경, 안경"
therapist,치료학자
special,특별한
mustache,콧수염
parental,부모님의
opportunity,기회
hospitalization,입원
inhabitant,"주민, 거주자"
expensive,값비싼
crew,승무원
hungrily,게걸스럽게
scared,겁에 질린
or,"또는, 그렇지 않으면"
fantastic,환상적인
composition,"곡, 3성, 창작"
dislike,싫어하다
surgeon,외과의사
vice,"악, 범죄"
in way,~라는 점에서
the latest,최신의
suggest,"제안하다, 암시하다"
in comparison with,~와 비교하여
draw out,끌어내다
solely,혼자서
throw,~을 던지다
debris,부스러기
swell,부풀다
clear up,좋아지다
confuse,혼란스럽게 하다
festival,축제
design,"디자인, 설계하다"
esteem,"존경하다, 생각하다"
bring about,"초래하다, ~을 가져오다"
untruthful,거짓말을 하는
creatively,창조적으로
university,대학
stewardess,스튜어디스
registration,등록
rooster,수탉
mayor,시장
occasional,때때로의
invalid,"타당치 않은,  효력이 없는"
insomnia,불면증
beam,"광선, 비추다, 기둥"
tease,놀리다
pollution,오염
give in,항복하다
costume,복장
mandatory,명령의
giraffe,기린
in the middle of,~의 한가운데에
leisure,"자유 시간, 한가한"
toilet,화장실
stay up late,(밤 늦도록) 자지 않고 있다
unfair,불공평한
clone,클론(복제품)
lazy eye,약시
back and forth,"앞뒤로, 결론 없는 논쟁"
admission,"승인, 입학"
inspiration,"영감, 창조적 자극"
talk back,말대답하다
mall,쇼핑센터
instructor,교사
emphasize,강조하다
narrowly,"좁게, 가까스로"
signature,"서명(하다), 특징"
distinctly,뚜렷하게
discouragement,낙담
evolve,진화시키다
set apart,"떼어두다, 구별하다"
factory,공장
effortful,노력한
harmonious,조화로운
sheet,시트
saying,속담
reserved,예약된
resort,"의지하다, 휴양지"
shortsighted,근시안의
disobey,불복종하다
hollow,속이 빈
fictional,허구의
plunge,뛰어들다
connect,"연결하다, 접속하다"
common,"공통의, 보통의(평범한)"
critic,비평가
parking lot,주차장
mighty,"강력한, 웅장한"
abide by,지키다
respond,응답하다
wavy,물결모양의
synthetic,"종합의, 합성의"
promoter,"장려자, 주동자"
condensation,압축
afloat,(물에)뜬
forest,숲
phase,"국면(상황), (물체의)면"
come down with,(병에) 걸리다
dedicate,"헌신하다, 바치다"
popularly,일반적으로
probability,가능성
more or less,대개
in the course of,~의 과정에서
homogeneous,종류가 같은
submit,~을 제출하다
loose,"느슨한, 늦추다"
stimulus,자극
besides,게다가
porch,현관
a number of,많은
tell apart,~을 구별하다
bravery,용기
physics,물리학
odor,냄새
lesson,"수업, 교훈"
contact,접촉하다
go flat,(전지 등이)소모되다
rub,문지르다
cling,매달리다
hurry,서두름
entry,"입장, 참가"
faithful,충실한
tolerant,"관대한, 내성이 있는(잘 참는)"
chronic,만성적인
depart,"떠나다, 출발하다"
tie,~을 묶다
meditate,명상하다
doubt,의심
take step,조치를 취하다
surprisingly,놀랄 만큼
regarding,~에 관하여
medical certificate,진단서
check,"확인(하다), 수표"
autograph,서명
concrete,구체적인
get stuck,꼼짝 못하게 하다
arousal,"각성, 환기"
chain,"쇠사슬, 속박"
plane,"비행기, 평면"
waterweed,수초
actual,실질적인
cut down,줄이다
visitor,방문자
flour,밀가루
cautiously,조심스럽게
distract,흐트러뜨리다
company,회사
organism,유기체
injury,부상
chunks,조각
burst into,"터뜨리다, 갑자기~하다"
desperately,필사적으로
merge,"융합하다, 합병하다"
respectful,존중하는
progressive,진보하는
opt,선택하다
pretty,"귀여운, 꽤"
explanation,설명
epidemic,전염병
tasty,맛있는
vitamin,비타민
irresponsible,무책임한
location,"위치, 장소"
vast,막대한
distinguish,구별하다
attentive,주의 깊은
arrangement,"정리, 배열"
outer,외부의
costly,값비싼
born,타고난
invest,투자하다
twig,(나무의) 잔가지
goodwill,우호
chemical,화학의
legislature,입법부
pork chop,돼지 갈빗살
jingle,딸랑딸랑 소리(내다)
doorway,출입구
by accident,우연히
bat,"치다, 라켓, 박쥐"
pajamas,잠옷
propel,"추진하다, 촉구하다"
breeze,미풍
stop by,들르다
changeable,변하기 쉬운
proclaim,선언하다
meat,고기
wood,목재
confrontation,직면
city government,시 당국
unjust,"부당한, 불공정한"
pocket,호주머니
relate,~을 관련시키다
fill,채우다
centenarian,100살 이상의 사람
maximum,최대
round trip,왕복의
practical,"실제의, 실용적인"
reduce,줄(이)다
achieve,성취하다
genetically,유전적으로
hobby,취미
the number of,~의 수
comeback,"회복, 복귀"
incorporate,통합시키다
suspend,매달다
poem,시
downfield,(미식축구의)다운필드
twinkle,빛나다
heart disease,심장병
responsible,책임이 있는
near,근처에
pursue,추구하다
actor,배우
bulletin,"게시하다, (게시)공고"
homestead,농장
accordance,일치
recession,"불경기, 후퇴"
rebel,반역자
vital,"생명의, 필수의"
cloth,"옷, 의류"
go along with,~에 찬성하다
obstinate,완고한
work out,"계산하다, 운동하다"
superior,우수한
cause,원인
agriculture,농업
washable,"잘 지워지는, 세탁해도 되는"
as if,마치~인 것처럼
committee,위원회
furnace,용광로
squeaky,삐걱대는
cathedral,대성당
introduction,"도입, 소개"
thermometer,온도계
harmful,해로운
delay,지연되다
capital,"자본, 대문자의, 수도"
hurt,상처 입은
somewhat,"얼마간, 다소"
device,"장치, 고안"
photography,사진술
discount,할인하다
frost,결빙
snowflake,눈송이
detective,탐정의
a lot of,많은
strict,엄한
pass down,물려주다
misstep,"실수, 잘못된 조치"
for ages,아주 오랫동안
apologize,사과하다
general,"일반적인, 장군"
materialism,물질주의
disposable,"일회용의, 처분할 수 있는"
couch,소파
genetic,유전학적인
junk,쓰레기
bruise,상처가 생기다
caption,자막
unsystematic,비조직적인
Buddhist,불교도
obstacle,장애물
squirrel,다람쥐
merciful,자비로운
flexibility,유연함
in place,제자리에
let alone,~을 말할 것도 없이
corridor,복도
commit,~을 범하다
biography,"전기, 일대기"
horseback,말을 타고 하는
horizon,지평선
impatient,"성급한, 참을성 없는"
praise,칭찬(하다)
funnel,깔때기
splendor,훌륭함
livestock,가축
openness,관대함
diligent,근면한
reproduce,"생식하다, 복사하다"
mindful,사려 깊은
consider,고려하다
underside,아래쪽
inability,무능(력)
peace,평화
unpleasantness,불쾌함
polite,공손한
arise,일어나다
culture,문화
mate,"짝, 친구"
healthy,건강한
transparent,투명한
insecure,불안한
mean to,~할 작정이다
pension,연금
architecture,건축
membership,회원자격
checkbook,수표장
pass by,옆을 지나가다
vehicle,탈 것
absorb,"합병하다, 열중시키다"
section,"구역, 부품"
stockbroker,증권 중개업자
freely,자유로이
wildly,난폭하게
victor,승리자
wearer,착용자
afterward,나중에
briefly,간단히 말하면
blind,눈먼
thorny,"가시의, (문제 등이) 곤란한"
plead,"변호하다, 청원하다"
convince,"설득하다, 확신시키다"
brilliance,광택
inevitable,피할 수 없는
outstand,"저항하다, 눈에 띄다"
gadget,"기기, 도구"
stress,"강조하다, 스트레스"
gladiator,검투사
odd,"이상한, 홀수의"
prospective,"예상된, 장치의"
seat,앉히다
through,~을 통하여
continue,계속하다
trace,"추적하다, 자취"
index finger,집게손가락
measure,측정(하다)
irregular,불규칙한
whoever,누구든지
washroom,세면장
dropping,"배설물, 낙하(투하)"
date back to,~로 거슬러 올라가다
wine,와인
decisive,결정적인
on time,"제때에, 정시의"
anxious,걱정하는
pollen,꽃가루
sleeve,소맷자락
imitation,"모방, 모조품"
adaptation,"적응, 개작"
fable,우화
church,교회당
inaccuracy,부정확
back,"등, 허리"
petroleum,석유
layout,"배치, 설계"
goose,거위(복수 : geese)
similar,유사한
cautious,신중한
fuss,야단법석
nobility,귀족
headache,두통
fascination,매혹
effective,효과적인
remote,멀리 떨어진
eloquent,"설득력 있는, 유창한(웅변을 잘하는)"
lick,~을 핥다
musician,음악가
laziness,게으름
down payment,계약금
a series of,일련의
knight,기사
depend on,~에 의존하다
capitalist,자본주의
impossible,불가능한
go on,옮겨 가다
woodcutter,"나무꾼, 목판화가"
huddle,"웅크리다, 마구 쑤셔 넣다 "
get off,"내리다, 떠나다(출발하다)"
excuse,"용서하다, 변명하다"
harsh,가혹한
supreme,최고의
compound,"혼합하다, 혼합물"
crumb,"작은 조각, 부스러뜨리다"
burst with,~으로 벅차오르다
numerous,수많은
continent,대륙
promote,"승진하다, 촉진하다"
cancer,암
advance,"나아가다, 제출하다"
course-work,(교과의)학습과제
rhythm,리듬
petition,청원(하다)
gender,성별
amid,"~에 에워싸인, ~의 한복판에서"
blessing,은총
unicorn,뿔이 하나인
seminar,세미나
mobility,"이동성, 기동성"
drunk,술에 취한
run,"달리다, 경영하다"
treaty,조약
determine,~을 결정하다
pumpkin,호박
contaminate,더럽히다
vagabond,유랑하다
motivation,동기부여
labor,노동(하다)
explosion,폭발
devotion,헌신
on the way,도중에
a few,몇몇의
revenue,수입
intersection,교차점
halt,"정지, 정류장"
comfortable,편안한
downtown,"상가, 도심지"
diffusion,발산
infectious,전염성의
relevant,관련성이 있는
feedback,되먹임 반응(피드백)
spokesman,대변인
lastly,최근에
for now,당분간
certain,확실한
cemetery,묘지
floor,"층, 바닥"
honesty,정직
innocence,순결
target,목적
oppositional,반대의
hatred,증오
locally,지역적으로
battery,전지
collar,깃
incidental,우연의
dark,어두워지다
perplex,혼란케 하다
conform,"따르다, 순응하다"
ingenious,독창적인
ecosystem,생태계
assistance,"원조, 지원"
servant,"하인, 공무원"
formal,정식의
wish,희망하다
flat,평평한
apt,"적절한, ~하는 경향이 있는"
solar energy,태양에너지
restoration,회복
diaper,기저귀
luxury,사치
custom,"관습, 습관"
nail clipper,손톱깎이
universe,우주
influence,영향
illegally,불법적으로
refer,"언급하다, 참조하다"
carry on,"계속하다, 관리하다"
utterly,완전히
caterpillar,모충
historian,역사가
rank,등급을 매기다
struggle,투쟁하다
be used to,~에 사용되다
make no difference,문제가 되지 않다
minimum,최소
waitress,여종업원
sooner or later,조만간
power,"힘, 에너지, 능력"
closure,"폐쇄, 종결"
certify,증명하다
relaxation,이완
conflict,충돌하다
pat,"머리를 빗질하다, 쓰다듬다, 토닥거리다"
present,현재의
digestion,소화
go off,자리를 뜨다
admiring,찬양하는
creep,"기다, 슬며시 접근하다"
association,협회
recede,"물러가다, 감소하다"
fade,희미해지다
temptation,유혹
gently,상냥하게
hidden,숨겨진
cocoon,고치
abstract,추상적인
green tea,녹차
bite,물다
rehearsal,리허설
browse,"둘러보다, 훑어보다"
unchanged,변하지 않는
instructive,교육적인
medical,의학의
behave,행동하다
else,"그 밖의, 다른"
aristocrat,귀족
available,이용할 수 있는
strap,가죽 끈
lawful,합법적인
honey,"꿀, 여보"
insignificant,하찮은
scandal,스캔들
lay off,~을 해고하다
wildflower,들꽃
attribute,~탓으로 돌리다
rainwater,빗물(의)
attachment,"부착, 애착"
collector,수집가
suburb,교외
extraordinarily,비범하게
suffer,"(고통, 슬픔을)겪다"
overflow,흘러넘치다
as A as B,B만큼 A한
flock,모이다
dress,옷을 입히다
keepsake,"기념품, 유품"
assert,주장하다
ministry,"부, 목사"
sponsor,후원자
outlet,"출구, 대리점"
throw up,"토하다, 되올리다"
a piece of,하나의
order,"명령(하다), 순서"
focus,"집중하다, 초점을 맞추다 "
tangerine,감귤
properly,적당하게
laboratory,실험실
unwind,(감은 것을)풀다
Pacific,태평양
excellent,우수한
symptom,"증상, (불길한)징후"
plateau,고원
seal,밀폐하다
untidy,단정치 못한
notorious,악명 높은
announce,알리다
paddle,안장
period,기간
ironic,반어적인
remark,"주목하다, 발언"
borrower,"빌리는 사람, 대출자"
snowstorm,눈보라
fever,열
light up,빛을 발하다
inaccessible,접근할 수 없는
originally,원래
collapse,붕괴하다
whether or not,~이든 아니든 간에
handle,다루다
betray,배반하다
spiritual,정신적인
charming,매력 있는
keep off,~을 멀리하다
instantly,즉시
route,항로
impose,"강요하다, 도입하다"
plank,널빤지
estimation,평가
reddish,불그스름한
catch up,따라가다
complain,불평하다
policy,정책
last,"지속하다, 마지막의"
apologetic,사과의
installation,설치
mature,성숙한
soap opera,드라마
cockroach,바퀴벌레
bring back,가지고 돌아오다
modest,"간소한, 겸손한"
truth,진실
intrude,침해하다
unease,불안
criminal,범인
consume,소비하다
echo,메아리
grab,부여잡다
give rise to,~을 불러일으키다
take charge of,~을 책임지다
turn up,나타나다
petal,꽃잎
senior,"선임자, 어르신"
scenery,"풍경, (무대의)배경"
admire,감탄하다
promising,유망한
tradeoff,거래
nap,낮잠
transportation,운송
hence,따라서
hug,~을 꼭 껴안다
sunset,일몰
reside,거주하다
desert,"공적, 장점, 사막"
hasty,성급한
heiress,여자 상속인
sophistication,"궤변, 교양(세련)"
household,가족
in itself,그 자체로
enthusiastic,열정적인
gaze,응시하다
rapid,빠른
previous,이전의
take up,차지하다
once upon a time,옛날 옛적에
engross,집중시키다
up to,~까지
invent,발명하다
enemy,적군
challenging,"도전적인, 지향하는"
eyelid,눈꺼풀
impressive,감명을 주는
scrub,~을 문지르다
respectively,각각
block,방해하다
arrowhead,화살촉
vocabulary,어휘
facilitate,"시설, 용이하게 하다"
run for,~에 입후보하다
busy,바쁜
title,제목(을 붙이다)
happiness,행복
farmer,농부
sudden,갑작스러운
credible,"믿을 만한, 확실한"
organic,유기체의
hooked,"중독된, 갈고리 모양의"
waste,낭비하다
qualify,자격 또는 권한을 부여하다
yolk,달걀노른자
slow down,침체시키다
venture,모험하다
radiation,방사선
pollinator,꽃가루 매개자
tutor,가정교사
territory,영토
cholera,콜레라
skylight,채광창
permanent,영구적인
point out,지적하다
chew,씹다
assembly,"집합, 의회"
diplomat,외교관
relational,관계있는
personality,"개성, 성격"
flexible,"융통성 있는, 구부리기 쉬운"
cooperate,협력하다
addressee,수취인
wind,"바람, ~을 둘둘 말다"
overwhelming,압도적인
mouth-watering,군침이 돌게 하는
fake,가짜의
deck,갑판
subtitle,자막
hygiene,위생
quiet,조용한
to be honest,솔직히 말하면
nod,끄덕이다
state,"상태, 계급, 국가"
dynamite,폭약
wear and tear,마모
shameful,부끄러운
catch a cold,감기에 걸리다
erase,지우다
assemble,집합시키다
value,가치
bleed,출혈하다
conductor,"안내자, 지휘자"
record-breaking,"기록경신, 기록적인"
endorphin,엔도르핀
refrigerate,냉동시키다
anticancer,항암의
ultraviolet,자외선의
indispensable,필수적인
administrator,관리자
constitution,"구성, 헌법"
restriction,제한
participate,참여하다
fabulous,아주 멋진
accept,수락하다
stain,얼룩
carry off,"쟁취하다, 유괴하다"
thought,생각
adolescence,"사춘기, 청소년기"
enlargement,확대
no matter how,아무리 ~해도
cattle,가축
realistic,현실적인
see through,(정체를) 간파하다
secretly,은밀히
cement,시멘트
nagging,잔소리하는
hairy,털이 많은
take course,수강하다
course,"과정, 강의(강좌)"
sacrifice,희생(하다)
kitten,새끼고양이
monolingual,1개 국어를 사용하는
marking,"얼룩, 표시"
intention,의향
unrecognized,인식되지 않은
avian,새의
dietary fiber,식이섬유
workday,근무일
exaggerate,~을 과장하다
contradict,"어긋나다, 반박하다"
benefits,"이익, 혜택"
denim,데님(두꺼운 무명)
propose,"제안하다, 청혼하다"
republic,공화국
courage,용기
set the stage,~의 준비를 하다
correct,정확한
insurance,보험
stage,"무대, 단계"
tedious,지루한
enroll,"등록하다, 기록하다"
confess,자백하다
tribe,부족
expenditure,지출비
unappreciated,인정받지 못하는
toxic,독성의
creed,신조
wall,벽
condition,"상황, 상태"
rumor,소문
astronomy,천문학
tighten,수축시키다
refrain from,~을 삼가다
noble,고귀한
fluent,"유창한, 완만한"
celebrate,축하하다
retard,"지연시키다, 방해하다, 저능아"
soften,부드럽게 하다
violent,폭력적인
daze,"어지러운, 현혹시키다"
pill,"알약, 싫은 일"
problem,문제
recharge,"재충전(하다), 재고발(하다)"
airtight,밀폐된
pharmaceutical,"조제의, 약을 만드는"
instinctive,본능적인
coastal,연안의
chemically,화학적으로
eye-catching,시선을 주목시키는
idler,게으름뱅이
be through,끝나다
sentence,"문장, 선고(하다)"
aunt,이모
intermediate,중급(의)
sincere,성실한
accommodation,"편의시설, 적응"
unique,독특한
active,활동적인
cleverness,영리함
interval,"틈, 음정"
curiosity,호기심
award,"수여하다, 상"
bee,꿀벌
standardize,표준화하다
receipt,영수증(을 발행하다)
hyperactive,"극도로 활동적인, 활동과잉의"
photographer,사진가
hoard,저장(하다)
youthful,젊은
workplace,작업장
astrologer,점성술사
exhaust,~을 소모하다
lane,좁은 길
backseat,뒷자석
reach,도착하다
fertilize,~를 기름지게 하다
scold,꾸짖다
carve,조각하다
photograph,사진(찍다)
dictator,독재자
ache,고통
commonly,일반적으로
controversy,논쟁
sometimes,때때로
bud,싹
pass out,퇴장하다
bend,구부리다
priest,성직자
eagle,독수리
efficient,능률적인
analyst,분석자
recovery,회복
brow,"이마, 언덕 꼭대기"
be short of,~가 부족하다
memorability,기억력
definitely,"명확히, 한정적으로"
creepy,오싹한
least,가장 적은
underestimation,과소평가
hobbyist,취미 생활자
organize,~을 조직하다
salt,소금
insane,미친
passenger,승객
nicotine,니코틴
hardly,"가혹하게, 거의 ~이 아니다"
free of charge,무료로
smell,냄새(가 나다)
aspire,열망하다
probably,아마도
poor,가난한
side by side,"나란히, 서로 협력하여"
related,관계가 있는
obedience,복종
harbor,"항구, 피난처"
put up,~을 벽에 붙이다
bother,괴롭히다
aromatic,향기로운
functional,기능의
context,"문맥, 배경"
safe,안전한
competent,유능한
passionate,정열적인
plankton,플랑크톤
worship,"숭배하다, 예배(하다)"
relieve,경감시키다
pedal,페달
pale,창백한
routine,"판에 박힌 일, 일상적인 일"
calm,"고요한, 차분한"
manage,경영하다
tickle,~을 간질이다
statue,조각상
regain,되찾다
presumably,아마
nomadic,유목민의
telepathy,"정신 감응, 텔레파시"
individual,"개인, 개인의"
accidental,우연한
crucial,중대한
punctual,시간을 엄수하는
humor,유머
transplant,이식(하다)
regularly,정기적으로
lecture,강의
chore,허드렛일
sink,가라앉다
fabric,"직물, 원단"
microscope,현미경
remain,남아있다
monk,수도사
literary,문학의
character,"성격, 인물, 문자"
bureaucracy,"관료제, 관료"
weed,잡초
worshiper,숭배자
intimacy,친밀
categorize,분류하다
crumble,"바스러뜨리다, 부스러지다"
secretive,숨기는
interpret,해석하다
bit by bit,조금씩
count on,~에 의지하다
estimate,"견적, 어림잡다"
predictability,예측
affair,"사건, 일"
baggage,짐
beverage,음료
nasty,"불쾌한, 못된"
turmoil,혼란
formulate,공식화 하다
habitats,서식지
explore,탐험하다
pulse,맥박
advisable,현명한
initial,처음의
diversion,전환
modernization,근대화
purse,지갑
exotic,이국적인
botanist,식물학자
practice,"연습(하다), 실행(하다)"
rush,"돌진하다, 성급하게 하다"
anchor,"사회자, 닻"
tropical,열대의
grip,움켜잡다
profit,이익(을 올리다)
extremely,극도로
contempt,경멸
astronomical,천문학의
reproduction,"재생, 생식(번식)"
husband,남편
grave,"무덤, 중대한, 조각하다"
aspect,양상
spring,"봄, 튀다, 용수철"
fixture,대진표
acre,에이커(면적의 단위)
tire,피곤하게 하다
cloud,구름
punishment,처벌
be about to,막 ~하려고 하다
speculate,추측하다
treetop,나무 꼭대기
temporal,시간의
fellow,동료
attack,공격하다
via,~을 경유하여
cigarette,담배
blaze,불꽃
anything but,~이외의 무엇이든
linger,"계속되다, (예상보다 오래)남다"
not necessarily,반드시 ~은 아니다
lengthen,길게 하다
claim,"주장하다, 요구(청원)하다"
breathe,숨쉬다
railway,철도
bargain,"계약, 싸게 사는 물건"
proverb,속담
reassemble,다시 모으다
congratulate,축하하다
selfless,사심 없는
householder,집주인
serve as,~의 역할을 하다
salary,봉급
rare,드문
gentle,"온화한, 신사"
play a role,~의 역할을 하다
uncover,발견되다
various,다양한
solve,해결하다
depth,깊이
enemy,적
not only A ,A뿐만 아니라 B역시
estate,토지
to make matters worse,설상가상으로
take out,~을 꺼내다
flashlight,손전등
mole,"검은 점, 두더지"
British,영국
shy,수줍어하는
comic strip,연재만화
within,~이내에
accuse,"고발하다, 비난하다"
portrait,초상화
unless,"~이 아닌 한, 만일 ~가 아니라면"
emphasis,강조
ability,능력
case,사건
emperor,황제
narrow,(폭이)좁은
insight,통찰
hamper,방해하다
pavement,포장도로
in charge of,~를 담당하는
fortunately,다행히도
powder,분말
bind,묶다
peak,절정
offer,제공(하다)
frontal,직면의
yearn,갈망하다
desensitize,민감성을 없애다
basin,세면대
dignity,존엄
annoy,괴롭히다
manufacture,제조(하다)
customer,고객
cover,덮다
bomb,폭탄
furnishing,가구
scan,"조사하다, 훑어보다"
basic,기초적인
analytic,분석적인
dinosaur,공룡
reconstitute,재구성하다
parenthood,부모자식의 관계
lock,잠그다
elude,회피하다
safety,안전
self-imposed guilt,죄책감
daylight,"빛, 새벽"
account,"계산, 중요성, 설명하다"
unroll,펼치다
slender,가느다란
plenty,다량
symbolic,상징적인
enormously,막대하게
of no use,쓸모없는
disagreeable,불쾌한
examination,"조사, 시험"
column,"기둥, 칼럼(신문 기고란)"
expire,만료되다
reestablish,"회복하다, 복직시키다"
staff,직원
upside down,거꾸로
worse,더 나쁜
informal,비공식의
beaten,두들겨 맞은
boring,지루한
countless,"셀 수 없는, 무수한"
horrible,지독한
pay off,"보상받다, 성공하다"
leave,"떠나다, 남기다"
theorize,이론을 세우다
chestnut tree,밤나무
senator,국회의원(상원)
library,도서관
barrier,장애물
brush up,스치고 지나가다
elder,"연상의, 연장자"
slightly,약간
drift,표류하다
mental,정신적인
intercontinental,대륙 간의
hazardous,유해한
classical,고전주의의
impulse,"충격, 충동적인"
be seeing,~과 사귀고 있다
conserve,보존하다
iron,"철, 다리미"
apartment,아파트
split,"나누다, ~을 분담하다"
send,보내다
tempting,유혹하는
glimpse,힐끗 봄
fox,여우
prefix,접두사
workman,노동자
film,영화
discover,발견하다
dim,어둑한
credibility,"신뢰성, 진실성"
thanks to,~덕택에
amass,축적하다
mixture,혼합물
specialty,전문
penetrate,관통하다
courteous,예의 바른
gather,모으다
decoration,장식
appetite,"식욕, 욕구"
noise pollution,소음공해
misplace,잘못 두다
chuckle,킬킬 웃다
come over,"~을 속이다, 멀리서 오다"
sleigh,썰매(타다)
equal,"평등한, 동일한"
vineyard,포도밭
shortcoming,단점
telescope,망원경
erupt,분출하다
grape,포도나무
foreign,"외국의, 이질적인"
scent,향기
complete,완성하다
donkey,당나귀
congress,"의회, 회의"
overhead,머리위에
indeed,참으로
social science,사회과학
essentially,본질적으로
county,군
breeding,번식
murderous,살인의
in time,시간에 맞게
forward,"앞쪽의, 전송하다"
canal,운하
consistent,일관된
pour,붓다
rainfall,강우
cage,(우리에) 가두다
distant,거리가 먼
polish,광택(을 내다)
unsuitable,부적당한
series,"시리즈, 연속"
biodiversity,생물의 다양성
prevailing,"지배적인, 유행하고 있는"
mass media,대중매체
abandon,"버리다, 포기하다"
strike,치다
due,만기된
shock,충격을 (주다)
political,정치의
sociologist,사회학자
tissue,"조직, 화장지"
scar,상처
employment,"직업, 고용"
atmosphere,"대기, 분위기"
liberate,해방시키다
degeneration,퇴보
guardian,보호자
theft,절도
land,"땅, 착륙시키다"
call in,"초대하다, 회수하다"
transport,"운송하다, 수송"
trip,여행
tuition,수업료
crystal,수정
pot,항아리
by oneself,홀로
vanity,공허함
mend,~을 고치다
hairdresser,미용사
tricycle,세발자전거
declare,"선언하다, (세금을)신고하다"
grain,"알갱이, 곡물"
dominance,"지배, 권력"
threaten,위협하다
put aside,~을 떨치다
get over,~을 극복하다
mentality,심리상태
merit,장점
content,"내용, 만족하는"
willing,"자발적인, 기꺼이 하는"
phobia,공포증
hold out,지속되다
illustrator,삽화가
opposite,반대편의
record,기록(하다)
madden,격노하다
blinking,반짝이는
infest,만연하다
fireproof,"내화의, 방화의"
vegetarian,채식주의자
decorate,장식하다
revive,"회상하다, 활기를 되찾다"
renovation,재건축
expressive,표현하는
hang up,끊다
genetics,유전학
translation,번역
unwanted,원치 않는
evolutionary,진화적인
grandson,손자
evil,"사악한, 악마의"
express,표현하다
bassinet,요람
judgment,재판
be obliged to,~에게 강요하다
heart rate,심장 박동 수
mine,"지뢰, 광산"
rod,막대
among,~중에
launch,"착수하다, 발진시키다"
plentiful,풍부한
emergency fund,비상금
vary,"(크기, 모양이) 서로 다르다"
broth,묽은 수프
legacy,유산
sticky,끈적거리는
law,법률
useful,유용한
suspend,"중단하다, 매달다"
herbal,"약초의, 한방의"
medium,"매개자, 매체"
tidy,단정한
breathable,"숨쉴만한, 통기성이 있는"
go bad,썩다
trial,"시도, 재판, 심리"
odds,"가망성, 역경"
scratchy,긁는
be filled with,~로 가득 차다
unauthorized,권한 밖의
ivy,"학구적인, 담쟁이덩굴"
idle,게으른
surface,표면
self-destructing,자기 파괴적인
smelly,악취가나는
fall behind,뒤쳐지다
consciousness,의식
dusty,먼지 나는
attentively,경청하여
as a matter of fact,실제로는
Atlantic,대서양
galaxy,은하계
unsportsmanlike,운동정신에 어긋나는
curious,호기심 있는
effectively,효과적으로
aware,"인지하는, 알고 있는"
precaution,예방조치
nervous,긴장한
tip,"사례금, 비결"
advise,조언하다
contend,"다투다, ~라고 주장하다"
turn to,~에 의존하다
liability,"책임, 부담"
fascinating,재미있는
outlast,~보다 오래가다
serious,심각한
microwave oven,전자레인지
equipment,장비
stalk,"식물(줄기), 몰래 접근하다"
deep,깊은
experience,경험(하다)
linguist,언어학자
to begin with,우선
weather,날씨
second-rate,이류의
up to date,최신의
emerging,떠오르는
serve,"대접하다, 봉사하다"
thin,"마른, 얇은"
major,주요한
cut off,~을 잘라내다
entire,전체의
equally,동등하게
from A to B,A부터 B까지
constituent,구성하는
desire,욕망
joyfully,기쁘게
permit,"허락하다, 허가증"
season,계절
hateful,미운
due to,~때문에
natural,"자연의, 당연한"
central,중앙의
remembrance,"기억(추억), 기념문"
raw,가공하지 않은
prefecture,"현, 부(행정구역)"
inherit,"유전하다, 상속받다"
concise,간결한
by the way,그런데
tactic,전술
wealth,부
link,연결고리
project,계획(하다)
hand,"손, 다루다"
contain,포함하다
restaurant,레스토랑
hole up,움츠리다
frank,솔직한
zebra,얼룩말
blush,얼굴이 붉어지다
expedition,"여행, 탐험"
buttonhole,단춧구멍
idiot,바보
grammar,문법
the latter,후자
supervisor,감독자
predator,약탈자
sequence,"순서, 연속적인 사건들"
traveler,여행자
prior,이전의
notice,"알아차리다, 통지하다, 주의"
across,~을 가로질러
endow,"부여하다, 기부하다"
honest,정직한
ecologist,생태학자
fork,포크
generate,"~을 낳다, 산출하다"
smart,영리한
session,"기간, 화합"
encounter,만나다
realization,깨달음
appreciate,"인정하다, 감사하다"
spice,양념
woody,나무 느낌의
enjoyable,재미있는
topic,주제
usually,대개
slim,"날씬한, 빈약한"
failure,실패
frustration,좌절
makeup,화장
selflessly,사심 없이
significant,"중요한, 의미심장한"
stereotypical,틀에 박힌
flunk,"낙제하다, 떨어뜨리다"
confront,직면하다
poet,시인
statement,진술
against,~에 반대하여
wallet,지갑
exam,시험
thrill,"전율, 소름이 끼치다 "
fossil fuel,화석연료
gravel,자갈
baker,제빵사
quack,"꽥꽥 울다, 돌팔이의사"
coherent,응집성의
anxiety,걱정
deaf-blind,청각장애인
dialogue,대화
expand,확장하다
ethical,윤리적인
sherbet,샤베트
antibiotic,항생물질
spree,"흥겹게 법석댐, 흥청대다"
steep,"너무 비싼, 경사가 급한"
surround,둘러싸다
casual,"튀지 않는, 격식을 차리지 않은"
necessary,필수의
schedule,일정을 세우다
sweep,쓸다
both A and B,A와 B 모두
dye,물들이다
flute,플루트(악기)
fluency,유창함
accessible,"접근하기 쉬운, 이해하기 쉬운"
blood circulation,혈액순환
be suppose to,~해야 한다
negativity,부정적(사고)
self-made,자수성가한
gesture,몸짓
overload,과부하
primitive,원시의
proceed,"진행하다, 나아가다"
form,"형태, 형성하다"
worthy,가치 있는
aisle,복도
amount,"양, 총계, 도달하다"
incomplete,불완전한
solid,"단단한, 굳건한"
bully,괴롭히는 사람
department store,백화점
disrupt,방해하다
quit,그만두다
charge,"청구하다, 비난하다"
correlation,상호관계
subjective,주관적인
gray,회색의
ignorant,무지한
intensity,"강렬함, 강도"
static,정적인
erode,부식되다
as usual,늘 그렇듯이
throw~away,~을 버리다
stylish,유행의
hydrate,(화학)수화물
genius,천재
carefully,주의 깊게
axe,손도끼
compassion,"동정, 연민"
represent,대표하다
adversity,불운
accessory,장신구
broken,부서진
cabbage,양배추
leave out,~을 빼다
sniff,킁킁거리다
juggle,"조작하다, 속이다"
elite,엘리트
conversion,전환
reliever,구제자
haunt,"자주 가는 곳, 귀신이 나타나다"
silly,어리석은
closeness,친밀감
architect,"건축가, 설계하다"
pray,기원하다
usage,"사용, 습관"
symphony,교향곡
verbal,"말의, 언어의"
delicacy,"고상함, 섬세함"
damp,습기 찬
toward,~을 향하여
trend,경향
successful,성공적인
tangy,톡 쏘는
neglect,"무시하다, 태만하다"
male,남성의
disadvantage,불이익
balance,"균형, 저울"
rental,"임대의, 임대료"
unknown,알려지지 않은
conservative,보수적인
tendency,"경향, 성향"
climb,오르다
pierce,꿰뚫다
sometime,조만간
alarming,심각한
visually,시각적으로
prevention,예방
more and more,"점점 더 많은, 더욱 더"
circus,서커스
feat,"솜씨, 위업"
hearth,화로
thrown,꼬인
set off,출발하다
gatekeepers,문지기
tasteless,무미의
engine,엔진
dominate,~을 지배하다
chewy,질긴
treatment,"치료, 대우"
relax,긴장을 풀다
research,조사하다
deed,행위
channel,"수로, 채널"
unpopularity,"비대중성, 인기없음"
pride,자존심
swat,찰싹 치다
legend,전설
visual,시각의
turnout,투표(자)수
out of control,통제불능의
sensational,선정적인
voice,목소리
time,~배
import,수입하다
not at all,전혀 ~아니다
rent,임대(하다)
parallelogram,평행사변형
compass,나침반
real estate,부동산
drag,끌다
inject,~에 주입하다
feat,"솜씨, 위업"
blank,텅 빈
overuse,남용하다
detergent,세제
extent,"넓이, 범위"
resistant,저항하는
quite,꽤
brace,"치아교정기, 버팀대"
activism,행동주의
accommodate,"적응하다, 편의를 도모하다"
ally,동맹국
blend,혼합하다
counsel,상담하다
temple,"성당, 관자놀이"
pound,파운드
catch sight of,~을 힐끔 쳐다보다
first-hand,직접
nearest,가장 가까운
stranger,낯선 사람
businessman,경영자
psychological,심리적인
look up to,~을 존경하다
for a rainy day,만약의 경우를 위해
colleague,동료
look away,눈길을 돌리다
predestine,"운명을 정하다, 운명짓다"
recreation,오락
silently,조용하게
grass,잔디
scatter,"흩뿌리다, 황급히 흩어지다"
navigator,항해사
threatening,위협적인
total,전부의
crab,"게, 옆으로 가다"
manufacturer,제조자
selective,선택적인
auditorium,강당
life jacket,구명조끼
plantation,재배지
persuasive,설득력 있는
cafeteria,카페테리아(식당)
spectacular,장관의
plumber,배관공
outlook,"시각, 전망"
resign,사직하다
look after,보살피다
professor,교수
noise,소음
autism,자폐증
pregnancy,"임신, 함축"
reflection,"반사, (거울에 비친) 상"
analysis,분석
rhythmic,율동적인
impulsive,충동적인
closet,벽장
academy,학원
instability,불안정
unmanageable,관리하기 힘든
trouble,트러블
forecast,예측하다
purchase,구매(하다)
extract,"추출하다, 발췌"
instance,예시
different,~와 다른
coward,"겁쟁이, 소심한 사람"
negotiation,협상
fire,"불, 발사"
distribute,분배하다
shrewd,"예민한, 재빠른"
keep an eye on,~을 계속 지켜보다
resentment,분개
stun,기절시키다
sigh,한숨
destiny,운명
placement,배치
soluble,녹는
blame,비난하다
bowl,그릇
bride,신부
unit,구성
encouragement,격려
minor,소수의
as soon as,~하자마자
scholarly,학구적인
subconscious,잠재의식의
creativity,창조성
interweave,짜다(바느질하다)
geographic,지리학상의
for the most part,대부분
solar,태양의
extinction,멸종
rubbish,쓰레기
notion,개념
alone,홀로
and so on,기타 등등
enthusiastic,열렬한
melt,녹(이)다
preference,선호(도)
prehistoric,선사시대의
unfold,펴다
atomic energy,원자력
interior,내부
combustion,연소
fill out,여백을 메우다
inflation,물가 상승
a piece of cake,식은 죽 먹기다
resistive,저항성의
expectation,"기대, 예상, 가능성"
attention,"주의, 배려"
champagne,샴페인
animation,"만화, 생기"
murderer,살인범
objectively,객관적으로
curb,"(도로의) 연석, (제한)억제하다"
public,공공의
author,"저자, 저술하다"
cowardice,"겁, 비겁(함)"
stuck,"열중한, 갇힌"
dirty,더러운
birth rate,출산율
pick up,"집다, 마중 나가다"
refrigerator,냉장고
plain,평지
feast,"잔치, 축제"
dismiss,해고하다
thesis,논문
in order to,~하기 위해서
diving,잠수
unkind,불친절한
found,"설립하다, ~에 근거하다"
identify,"확인하다, 동일시하다"
economy,"경제, 절약"
waterfall,폭포
barbarian,야만인
reverse,거꾸로 하다
consent,동의(하다) 
license,면허(를 내주다)
bias,편견
discredit,불신
overseas,해외로
cavity,충치
blindfold,"남을 속이다, 눈가리개(를 하다)"
a mile strip of,상당히
memorial,"기념물, 기념비"
overlap,겹치다
aiming,겨냥하는
zoologist,동물학자
certificate,"증서, 자격증"
intuition,직관(력)
guarantee,"보증하다, 다짐하다"
soar,치솟다
motionless,정지한
control,제어하다
count,"중요하다, 세다"
nursery,육아실
alteration,변경
powerless,무력한
temporary,"일시적인, 임시의"
totally,완전히
merchandise,상품
varied,다양한
poll,"투표, 여론조사"
fragile,부서지기 쉬운
stove,난로
butcher,"도살자, 정육점"
postcard,엽서
potentiality,잠재력
type,유형
considerate,사려 깊은
torture,고문하다
motion,움직임
be worn out,지치다
equalize,똑같게 하다
modify,수정하다
rule out,~을 배제하다
innovation,혁신
separateness,분리
wasps,말벌
tend to,~하는 경향이 있다
childish,"유치한, 애 같은"
procedure,절차
influenza,유행성 감기
tutoring,가정교사 지도
train,"열차, 훈련하다"
natural-born,타고난
animate,생기를 불어넣다
elementary,"초보의, 기본적인"
grinder,분쇄기
relief,안도
finish,~을 끝내다
equation,동등함
dean,학장
enthusiastically,열광적으로
subscribe,예약 구독하다
wise,영리한
loudly,큰소리로
blooming,활짝 핀
inaccurate,부정확한
vicinity,가까운 곳
aircraft,비행체
sweater,스웨터
resolution,"결심, 해결"
meditation,명상
competence,능력
expectancy,"기대, 예상"
pattern,"양식, 도안, 무늬"
chamber,방
municipal,도시의
downward,아래쪽으로
direction,"방향, 관리"
upward,위쪽으로
dilute,희석시키다
mere,"단지, 단순한"
no later than,~까지
carefree,근심 없는
magnificent,장대한
freshman,신입사원
tightly,단단히
collection,"수집, 소장품"
graciously,"상냥하게, 우아하게"
parachute,낙하산
homeland,고국
changeably,변덕스럽게
soul,"정신, 영혼"
in the meantime,그 동안에
below,~보다 아래에
butt,"밑동, 들이받다"
retrace,되돌아가다
engagement,"약속, 약혼"
shut up,갇히다
continuous,끊임없는
aptitude,적성
unforgettable,잊을 수 없는
sympathize,동정하다
automatically,자동적으로
warrior,전사
mission,"임무, 사절단"
to start with,우선
human being,인류
biology,생물학
straw,"짚, 빨대"
scissors,가위
wire,"철사, 전선"
reluctant,"주저하는, 꺼리는"
withdraw,철회하다
flag,"깃발, 기를 올리다"
recreational,오락의
locker,사물함
referee,"심판, 중재자"
ritual,의식
attache,수행원
destination,목적지
bet,걸다
expiration,(기간 등의) 만료
larva,유충
restless,불안한
melting pot,도가니
wounded,부상당한
prohibit,~를 금지하다
nonsense,무의미한 생각
severity,"엄격, 혹독"
qualification,자격
cell phone,휴대 전화
identical,동일한
lifelong,일생의
leg,다리
like,"~처럼, 좋아하다"
imitate,모방하다
bakery,빵집
vicious,나쁜
freeze,결빙하다
nutrient,영양분
math,수학
energetic,혈기왕성한
corrupt,"부패한, 타락하다"
invitation,초대
historical,역사적인
quarrel,말다툼(하다)
famine,기근
allergy,알레르기
outbreak,"(전쟁, 병 등의) 발생"
illustration,"삽화, 설명"
badly,나쁘게
system,체계
drop in,잠시 들르다
stuff,"재료, 물건(것)"
goods,상품
reschedule,일정을 변경하다
millennium,천년(간)
counselor,상담자
tarnish,"더럽히다, 흐려지다"
confine,한정하다
purify,정화하다
immediate,"즉시의, 직접의"
individualism,"개인주의, 개성"
mistake,실수(하다)
cheek,뺨
overconsumption,과소비
unconsciously,무의식적으로
roomy,넓은
lead,"이끌다, ~로 이어지다"
million,백만(의)
directness,직접성
wheel,"바퀴, 차"
give a hand,도와주다
cyclone,큰 회오리바람
weapon,무기
altogether,"전부, 완전히"
formality,정규절차
commandment,명령
overnight,하룻밤 사이에
dust,먼지
means,방법
acceptable,만족스러운
unfairly,부당하게
ready-made,안성맞춤의
by all means,반드시
turn A into B,A를 B로 바꾸다
impression,인상
depreciate,가치가 떨어지다
pneumonia,폐렴
tradition,전통
ambassador,대사
incapable of,~할 수 없는
oxygen,산소
earnest,"진지한, 성실한"
memory,기억
electricity,"전기, 열광"
celsius,섭씨
addition,추가
vegetable,채소
soaring,날아오르는
get along,사이좋게 지내다
thoughtfulness,"생각에 잠김, 사려깊음"
illness,질병
youngster,젊은이
copyright,저작권
ancient,고대의
confirm,~을 확실하게하다
urgent,긴급한
counter,"반대의(것), 계산대"
routine,일상
radical,"급진적인, 근본적인"
sidewalk,인도
trunk,"나무의 몸통, (코끼리의)코"
undetermined,"미결의, 미확인의"
misbehavior,버릇없음
feed one's appetite,입맛을 충족시키다
contract,"계약, 추측하다"
economic,경제학자
drowsy,졸음이 오는
crest,"산꼭대기, (조류)볏"
steadily,꾸준히
imperial,제국의
enable,~을 가능하게 하다
unify,통합하다
bacon,베이컨(훈제)
output,생산(량)
swoop,"내리치다, 급습하다"
flu,독감
stimulate,자극하다
acquire,얻다
whatever,무엇이든지
rat,쥐
at one time,한번에
build up,높아지다
possible,가능한
come in useful,(경우에 따라서) 쓸모 있다
knee,무릎
correspond,일치하다
consist,~로 이루어지다
deathbed,임종
weird,기묘한
autobiography,자서전
riddle,수수께끼
publisher,출판사
layer,"겹, 층"
inspirational,영감을 주는
simulate,"흉내 내다, 모의실험하다"
fry,기름에 튀기다
apart,떨어져서
cave,동굴
observe,"관찰하다, 준수하다"
simply,간단히
conformity,"적합, 일치"
internationally,국제적으로
parliament,의회
sugary,"설탕이 든, 단"
subtle,미묘한
suspense,불안
horror,공포
on behalf,~을 대신하여
market,시장
get down to,~에 착수하다
teeter,비틀거리며 나가다
pervasive,"넘치는, 만연한"
appear,"나타나다, 생각이 들다"
nature,"자연, 천성"
stay,머무르다
resident,주민
phenomenon,현상
inform,알리다
soldier,군인
paw,발
tremendous,막대한
disease,질병
domination,"지배, 우월"
female,여성
humble,"겸손한, 비천한"
former,"전자, 이전의"
opposition,"반대, 야당"
between A and B,A와 B사이에
eye-opener,(눈을 번쩍 뜨이는) 놀라운 사건
astronaut,우주비행사
murder,살인
screaming,소리치는
exercise,"운동, 훈련하다"
refresh,신선하게 하다
frequent,빈번한
decent,"적절한, 품위 있는"
alert,경고하다
seriously,심각하게
in other words,바꾸어 말하면
situation,상황
decade,10년 간
charter,"특권, 헌정"
proud,자랑스러운
look to,"감시하다, 의존하다"
nonessential,중요치 않은
fasten,묶다
leisurely,한가롭게
greed,욕망
evaporation,증발
tropic,열대지방
rocket,로켓
alter,~을 바꾸다
simple,간단한
far,멀리
triumph,승리
commodity,상품
adhere,"부착하다, 고수하다"
crane,"기중기, 두루미"
fruit-flavored,과일 맛의
plenty of,많은
agree,동의하다
seek,~을 찾다
likely,"할 듯한, 있을 듯한"
average,평균
catastrophe,대참사
forgive,용서하다
reveal,"드러내다, 누설하다"
pistol,피스톨(권총)
backward,뒤로
pursuit,추구
relatives,친척
thoughtful,생각이 깊은
adopt,"채택하다, 입양하다"
on behalf of,~의 대표로서
tin,깡통
stand,"서다, 견디다"
possession,"소유, 재산"
departure,출발
fresh water,민물
hill,언덕
posture,자세(를 취하다)
start over,다시 시작하다
celebrity,유명인사
optimal,최선의
abstraction,"추상, 분리"
swing,"흔들리다, 휘두르다"
personally,개인적으로
objective,"목적(의), 객관적인"
judge,"재판관, 판단(하다)"
post office,우체국
immediacy,"직접성, 즉시"
primates,영장류
numerical,숫자로 나타낸
defend,"방어하다, 변호하다"
proudly,자랑스럽게
raft,뗏목(으로 엮다)
street,거리
squash,"짓누르다, 과즙 음료"
literally,"글자 그대로, 사실상"
sheer,"완전한, 순수한"
ensure,보장하다
long-lasting,오래 지속되는
muddy,진흙의
bush,"숲, 덩쿨"
wide,폭이 넓은
jealousy,질투
assistant,조수
toe,발가락
mannerism,매너리즘 (틀에 박힌 것)
appoint,임명하다
participation,참가
durable,"내구성 있는, 오래가는"
borrow,빌리다
derive,유래하다
gap,"틈, 갈라지다"
honk,경적을 울리다
grit,"잔모래, 먼지"
premise,"가정, 부동산"
accelerate,촉진하다
day-to-day,나날의
correspondent,"특파원, 통신하는 사람"
concern,걱정시키다
combination,"연합, 배합"
rustle,살랑살랑 소리
swallow,"삼키다, 제비"
come into being,탄생하다
accident,"사고, 우연"
brushstroke,붓놀림
meal,식사
trap,"잡다, 올가미"
hypocrisy,위선
internal,내부의
status,"지위, 상태"
originate,기원하다
worry about,~에 걱정하다
unexpected,기대하지 않은
invite,초대하다
climate,기후
simplify,단순화하다
widely,넓게
sideline,"측선, 밑줄을 긋다"
federal,연합의
tag,인식표를 달다
pessimistic,비관적인
gas,"기체, 가스"
language,언어
naturalism,"자연주의, 사실주의"
copper,"구리, 동전"
property,"특성, 재산"
rash,"발진, 경솔한"
humid,습기 있는
glitter,반짝이다
chop,자르다
wrist,손목
purple,자주색(의)
envelope,봉투
crude,"조잡한, 천연 그대로의"
naturally,자연적으로
dig,~을 파다
unimaginative,상상력이 없는
single,독신의
mark,"점수, 표시, 기록하다"
metropolis,대도시
verdict,평결
root,"뿌리, 원인"
desert,"사막, 버리다"
pantomime,무언극
work overtime,야근하다
acid,(화학)산성물
chemist,화학자
comprise,"함유하다, 구성하다"
siren,사이렌을 울리다
trade,무역(하다)
take pride in,자랑하다
comb,빗질하다
bank,은행
hairlike,털 같은
clatter,달가닥 소리
care,"걱정, 돌보다"
elbow,팔꿈치
vividly,생생하게
moment,순간
non-contact,신체적 접촉이 없는
migrate,이주하다
urban,도시의
weaken,약화시키다
grammatical,문법적인
base,"기초, 기초를 두다"
look for,~을 찾다
steady,"확고한, 불변의"
result,결과
naturalistic,"사실적인, 자연주의적인"
thereafter,그 후
lookout,"경계, 전망"
grove,작은 숲
audience,청중
symposium,토론회
stare,응시(하다)
adviser,조언자
peer,"동료, 응시하다"
upstairs,위층으로
distract from,~에서 벗어나다
dismount,떨어뜨리다
keep pace with,~와 보조를 맞추다
attendant,"안내원, 출석자, 시중드는 사람"
idiomatic,관용적인
enhance,"높이다, 향상시키다"
alarm,"놀라다, 경보"
motive,동기부여 하는
inactivity,"활동하지 않음, 무기력, 정지"
communicate,의사소통하다
go over,~를 잘 보다
performance,"수행, 연기"
volcano,화산
a chain of,연쇄적인
lavish,"호화로운, 낭비하는"
amateur,아마추어
commute,통근하다
anticipate,예상하다
lower-back,허리
superiority,우월
stroll,"산책하다, 어슬렁 걷다"
tongue,"혀, 언어"
cab,택시
belly,복부
planet,행성
vacant,"공허한, 비어있는"
a complete solution,완성품
appliance,전자 제품
amuse,즐겁게 하다
endeavor,노력(하다)
predict,예언하다
neutral,중립의
pipe,파이프
pit bull,맹견의 한 종류
switch on,켜다
come across,우연히 만나다
in haste,서둘러
soothing,달래는
unpredictable,예측할 수 없는
get through,~을 헤쳐 나가다
reward,보상(하다)
passionately,정열적으로
abnormal,비정상적인
pay attention to,~에 주목하다
wit,"기지, 재치"
ban,금지
donation,기부
complexion,"관점, 안색"
disruptive,파괴적인
westernization,서구화
somebody,"대단한 사람, 거물"
lizard,도마뱀
agent,"대리인, 요원"
heat,가열하다
mortality,"죽을 운명, 사망률"
enough,충분한
torment,심한 고통을 주다
perk,뽐내다
poison,독
disappointment,실망
confidence,"신뢰, 자신감"
firelight,(난로)불빛
institution,"시설, 설립"
withstand,"저항하다, 버티다"
philosopher,철학자
lay,"놓다, 눕다"
stiff,뻣뻣한
drain out,유출되다
dimensional,~차원의
immune,면역성의
fashion,"패션, 유행"
sunlight,햇빛
tune,"중계하다, 곡"
horrific,무서운
forever,영원히
mad,미친
loan,대부(금)
argue,"논쟁하다, 주장하다"
when it comes to,~에 관해서라면
misunderstand,잘못 이해하다
emission,발산
apparel,의복
Antarctic,남극
playwright,각본가
track,"추적하다, 자취, 트랙"
sentimental,정서적인
wheat,밀
encyclopedia,백과사전
niece,조카딸
cop,"경찰, 붙잡다"
swan,백조
setback,"좌절, 늦추다"
payment,지불
fertile,"비옥한, 다산의"
technology,과학기술
sufficient,충분한
overdo,~을 지나치게 하다
herb,허브
whisker,수염
fruitful,비옥한
curator,관리자
bulb,전구
decaffeinate,(커피에서) 카페인을 빼다
in case of,~의 경우에는
hang out,어슬렁거리다
technological,기술적인
be good at,~에 능숙하다
sunrise,해돋이
look forward to,기대하다
stay in,머무르다
publication,출판사
mathematical,수학의
function,기능
agricultural,농업의
finally,마지막으로
fit,알맞은
find,찾다
abortion,낙태
cost,비용
come to,~이 되다
come true,실현되다
blindness,"실명, 무분별"
leakage,누출
envelop,"봉투, ~을 싸다"
broadcast,방송(하다)
deficiency,부족
mean,"의미하다, 비열한"
underwear,속옷
hiss,쉿 하다
fall,"떨어지다, 가을"
beggar,거지
repair,수리하다
society,사회
stick,"찌르다, 막대기"
annually,매년
molecule,분자
specially,특히
environment,환경
forearm,"팔뚝, ~을 미리 무장하다"
twilight,황혼
undoubtedly,의심할 여지없이
increase,증가하다
aboard,"(기차, 비행기등에) 탑승한"
defeat,"물리치다, 패배시키다"
proper,적당한
scheme,"기획, 음모"
pervade,"만연하다, 널리 퍼지다"
infinity,무한함
mass,"큰 덩어리, 대중"
shout,소리치다
by far,"틀림없이, 훨씬"
scratch,긁다
behold,~을 보다
caress,포옹
take care of,돌보다
feeder,모이통
narrator,이야기하는 사람
put up with,~을 참다
bustling,소란스러운
offensive,"불쾌한, 공격적인"
warehouse,창고
intervention,간섭
receptionist,접수원
method,수단
factor,요인
mix-up,혼란
currently,현재
playground,운동장
firm,"견고한, 회사"
go ahead,앞으로 나아가다
ecology,생태학
ceremony,의식
eager,열성적인
drip,(물방울이)똑똑 떨어지다
act,"행동하다, 연기하다, 법, (연극)막"
congressional,의회의
desolate,"황량한, 쓸쓸한"
telecommuter,재택근무자
apply,"적용하다, 지원하다"
literature,문학
ethically,윤리적으로
inequality,불평등
bitterness,괴로움
polio,소아마비
pond,연못
thump,"탁, 쿵(소리)"
pause,정지
trickle,"실개울, (액체가)조금씩 흐르다"
infer,추론하다
fund-raiser,"모금 행사, 기금 조달자"
chunkiness,땅딸막함
garden,정원
surf boat,구명용 보트
already,이미
meanwhile,그 동안
attend,"출석하다, 간호하다"
limitation,제한
recorder,녹음기
ingredient,(혼합물의)성분
collarbone,쇄골
cinnamon,계피
accurate,정확한
villager,마을 사람
just,"공정한, 정확히, 이제 막"
accelerator,가속장치
monster,괴물
marry,결혼하다
document,문서
access,접근하다
separately,따로따로
tenant,"임차인, 거주자"
rap,노래하다
seeing-deaf,시각장애인
argumentation,논쟁
bucket,양동이
artistic,예술적인
intellectual,지적인
quality,질
format,"형식, 구성하다"
strain,"긴장, 긴장시키다"
global warming,지구 온난화
lantern,손전등
disposal,"처리, 폐기"
manual,"손을 쓰는, 소책자"
suppose,"가정하다, 예정하다"
peninsula,반도(땅)
precedent,"선례, 앞서는"
prime,최상급의
face to face,정면으로 맞서서
blow one's nose,코를 풀다
consumer,소비자
stomach,위
humanities,인문학
recollection,재수집
election,"선거, 투표"
medieval,"중세의, 중세사람"
deform,변형시키다
festive,축제의
drop out,퇴학하다
all at once,동시에
fool,바보
expend,소비하다
eruption,분출
pendulum,"진자, 흔들리는 추"
provost,"학장, 장관"
graze,풀을 뜯어먹다
diagnosis,"진단, 식별"
suite,"정장, (여러개)붙은 방"
be willing to,기꺼이 ~하다
restrict,제한하다
sorrowful,슬픈
toothed,톱니 모양의
exquisite,정교한
several,몇몇의
conventional,전통적인
flipper,물갈퀴
embassy,대사관
bang,쿵쾅대며 뛰어다니다
heart attack,심장 마비
shortage,부족
burrow,굴을 파다
imprison,가두다
statistics,"통계, 통계학"
careful,주의 깊은
contrary,반대인
supervision,감독
foremost,"맨 앞의, 으뜸가는"
home schooling,자택 학습
creditor,채권자
dull,"무딘, 따분한"
council,"의회, 회의"
innocent,"무죄의, 순수한"
glove,장갑
horn,"뿔, 경적"
attraction,"매력, 주목할 만한 장소"
cotton,"면, 솜"
wonder,"놀라운, 궁금해 하다"
recommend,추천하다
economical,"경제적인, 절약하는"
shelter,"피난처, 보호하다"
broomstick,빗자루
specifically,구체적으로
nobleman,귀족
requirement,요구
comic,희극의
obligate,강요하다
tight,"빡빡한, 엄격한"
addict,중독자
harness,이용하다
dead,죽은
lean,기대다
area,"범위, 지역"
penniless,무일푼의
reconsider,재고하다
competitiveness,경쟁
pave,(길을)포장하다
windshield,자동차 앞 유리
ran off,도망가다
discrimination,차별
laugh,"웃다, 웃음"
turn down,물리치다
marvel,놀라운 일
shed,"오두막집, 헛간(광)"
unpatriotic,비애국적인
athlete,운동선수
wildlife,야생 생물
parenting,가정교육
microphone,마이크
unscientific,비과학적인
deaf,귀 먹은
tractor,견인차
alertness,경계함
condense,"요약하다, 압축(응축)하다"
officer,"관리, 공무원"
rather than,~보다 차라리
destroy,파괴하다
empire,제국
privilege,특권(을 주다)
sparrow,참새
dwell on,숙고하다
perennial,지속되는
maintain,"유지하다, 주장하다"
president,"대통령, 회장"
absolute,절대적인
take a break,휴식을 취하다
vertical,수직의
overlook,간과(하다)
linguistic,언어의
hatch,부화시키다
enforcement,"집행, 강제"
roam,돌아다니다
harden,단단하게 하다
unemployment,실업
ruffle,"구기다, 교란하다"
inconvenience,불편함
visualize,시각화하다
stream,"개울, 흐름"
bedridden,(아파서)누워있는
slope,경사지다
carelessly,부주의하게
suggestion,"암시, 제안"
sea level,해수면
step-by-step,단계적인
corporate,회사의
panic button,비상벨
candidate,"지원자, 후보자"
flash,번쩍 비치다
descendant,자손
beef,쇠고기
sociable,사교적인
rural,시골의
negotiate,협상하다
mutually,상호적으로
rarity,아주 드묾
conquest,정복
annoyance,"괴로움, 성가심"
escape,"탈출(하다), 피하다"
discomfort,불편
damage,손해
mercury,"수은, 수성"
electron,전자
armed,무장한
ivory,상아
scrape,"긁다, 문지르다"
although,비록 ~일지라도
diverse,다양한
secret,비밀의
decision-making,의사 결정
pole,"극, 막대기"
regret,후회하다
telegram,"전보, 전신"
touch,"건드리다, 감동시키다"
pepper,후추(로 치다)
distributor,분배자
twin,쌍둥이(중에 한명)
except,~을 제외하고
priority,"앞, 우선권"
owner,소유자
produce,생산하다
attitude,태도
unharmed,해를 입지 않은
become,"~이 되다, 어울리다"
thoroughly,"완전히, 철저히"
beforehand,미리
relation,(친척)관계
tooth,치아
doubtful,의심스러운
dab,가볍게 두드리다
stumble,비틀대다
composing,작곡
strong-willed,의지가 굳센
deafness,귀먹음
creature,창조물
supplement,보충(물)
determination,결심
in public,사람 앞에서
uncertain,불확실한
surely,확실히
lay out,"~을 펼치다, 투자하다, 계획하다"
diagram,도표
inspection,"조사, 검열"
environment-friendly,환경 친화적인
forefinger,집게손가락
puzzle,당황하게 하다
production,생산
asthma,천식
slave,노예
jaw,턱
be likely to,~할 것 같다
discovery,발견
foreground,전경
farm,"농장, 경작하다"
luggage,"수하물, 짐, 가방"
ripe,익은
tap,가볍게 두드리다
lease,임대하다
reign,지배
fingerprint,지문
valued,귀중한
poisonous,유해한
hospitality,"대접, 환대"
entirely,완전히
being,존재
individualist,개인주의자
rename,개명하다
composer,작곡가
press,"신문(사), 누르다"
excavate,발굴하다
exhausted,지친
include,포함하다
volunteer,자원봉사자
personnel,"직원, 인사과"
part-time,시간제 노동
indigenous,토착의
difference,차이점
consult,상담하다
elaborate,정교한
hesitant,주저하는
renew,갱신하다
mercilessly,무자비하게
unfortunately,불행하게도
bottle,병
considerable,상당한
rule,"지배하다, 법칙"
principle,원리
pick out,~을 선택하다
cellar,지하실
transaction,"처리, 거래"
string,"줄, 일련의"
elastic,탄력 있는
virtue,"가치, 미덕"
folks,"가족, 사람들"
averse,싫어하는
go through,경험하다
teenager,십대
wrinkle,주름
tell A from B,A와B를 구별하다
present,"제출하다, 현재의, 선물"
peculiar,이상한
indulge,"(쾌락, 욕망에)빠지다"
pang,괴로움
inaccurately,부정확하게
giant,거인
nail,"손톱, 못"
charitable,관대한
carriage,탈것
merrily,즐겁게
corn,옥수수
whale,고래
well-preserved,잘 보존된
on earth,"지구상에서, 전혀"
shallow,얕은
exchange,교환하다
mathematics,수학
official,공식의
glow-in-the-dark,야광
definition,"정의, 한정"
present,"제출하다, 현재의, 선물"
craftsmen,장인
cram,"밀어 넣다, 포식하다, 벼락치기하다"
talent,재능
beard,턱수염
magazine,잡지
now and then,"가끔, 때때로"
in advance,미리
emotional,감정적인
wilderness,황무지
abroad,해외로
sweatshirt,땀복
underlie,~의 기초가 되다
ocean-dwelling,해양거주
kindergarten,유치원
necessarily,반드시
thigh,허벅지
takeoff,출발
fade out of sight,시야에서 사라지다
creative,창조적인
assignment,숙제
habit,습관
task,일
prop,"소품, 받치다"
jewelry,보석류
fertility,"비옥, 다산"
concept,개념
untrue,진실이 아닌
robe,예복(을 입다)
prepare,~을 준비하다
greedy,탐욕스러운
whether A or B,A이거나 B이거나
carry out,수행하다
monument,기념비
national,국가의
decision,결정
arouse,"자극하다, 각성하다"
push broom,긴 빗자루
decay,"부식하다, 쇠퇴하다"
rely on,~에 의지하다
logically,논리적으로
often,종종
afraid,두려워하다
indication,"징후, 표시"
litter,쓰레기
optimum,최적의 조건
kidnap,납치하다
unnecessarily,불필요하게
approach,접근하다
necessitate,필요로 하다
once,"한 번, 일단"
perfume,향수(를 뿌리다)
violently,폭력적으로
at all costs,어떤 희생을 치르더라도
rough,"거친, 대강의"
in respect,~의 점에서
well off,유복한
twitches,경련
shaker,"셰이커, 가루를 흔드는 기구"
rancher,농장주
pay back,갚다
frozen,얼어붙은
disarmament,무장해제
element,"요소, 원소"
efficiency,능률
commercially,상업적으로
reconstruction,복구
forgiveness,"용서, 면제"
conduct,행동하다
census,인구조사
biologist,생물학자
barometer,기압계
vacation,휴가(를 보내다)
particle,입자
show off,과시하다
precise,정확한
workout,운동
rude,"거친, 무례한"
legally,법률적으로
classmate,학우
be prone to,~하는 경향이 있다
ground,"지면, 토양"
captain,우두머리
decibel,데시벨
splash,튀다
isolated,고립된
luck,행운
identity,"정체, 동일함"
in summary,요컨대
inquire,묻다
otherwise,그렇지 않으면
constraint,"억제, 강제"
not so much A as B,A라고 하기보다는 오히려 B
spike,"대못, (구두바닥)스파이크"
puppy,강아지
activist,행동주의자
whenever,~할 때마다
ambulance,구급차
on the contrary,그와 반대로
accustom,익숙해지다
breast,가슴
warmth,따뜻함
gardener,정원사
perish,"사라지다, 죽다"
critical,"비평적인, 위기의"
pollinate,(꽃에)수분시키다
capable,유능한
edible,먹을 수 있는
achievement,성취
sake,목적
vivid,"생생한, 선명한"
by contrast,이와 반대로
block up,막다
sightseeing,관광(의)
worker,근로자
prejudice,선입견
greet,"인사하다, 환영하다"
domestic,"국내의, 가정의, 하인"
accordingly,따라서
terrify,위협하다
embrace,"포옹하다, 받아들이다"
built-in,내장된
curtain,커튼
kettle,주전자
hate,싫어하다
ordeal,시련
lamb,새끼 양
inherent,"고유의, 타고난"
edge,가장자리
exposition,"박람회, 설명"
initially,처음에
investor,투자가
majestic,"장엄한, 위엄 있는"
gateway,"출입구, 통로"
housing project,주택단지
creation,창조
chest,가슴
prevent,"막다, 예방하다"
continuity,연속성
arrange,"배열하다, 정하다, 준비하다"
legislation,법률
credit,"신용, 학점"
spell,"마법, (단어의)철자를 쓰다 "
injustice,부정
summit,정상
abundant,풍부한
must,의무
irritably,민감하게
nut,너트
multiply,증가시키다
daisy,훌륭한
comparison,비교
sparkle,불꽃(을 튀기다)
outfit,"착용시키다, 장비"
gossip,잡담하다
gradual,점진적인
compliment,칭찬
patience,인내심
be sure to,~을 확실히 하다
wander,방황하다
emergency,긴급 상황
instinct,본능
positively,긍정적으로
sensitive,민감한
chip,부스러기
constant,불변의
inventor,발명가
undergo,~을 겪다
each other,서로
aimlessly,목적 없이
secretary,비서
mystify,혼란스럽게 하다
accentuate,강조하다
rest,"휴식, 나머지"
veteran,"노련가, 퇴역 군인"
infinitely,무한히
leash,"매다, 속박하다"
persistent,끈기 있는
timely,적시에
cornfield,곡물 밭
nor,~도 또한 ~않다
inspector,"조사관, 검열관"
sin,죄
patriotic,애국심의
create,창조하다
snail,달팽이
spare,"절약하다, ~을 용서하다"
tooth decay,충치
recess,"휴식, 휴회"
inquiry,질문
signal,신호
portion,부분
redesign,재설계(하다)
occurrence,"사건, 발생"
stability,안정(성)
see off,~을 전송하다
fine,"훌륭한, 벌금(을 가하다)"
come up with,"따라잡다, 생각해내다"
persuade,설득하다
complaint,불평
disappear,사라지다
settler,정착자
at least,적어도
permission,허가
nourish,"양육하다, 영양분을 공급하다"
In the long run,결국에는
tirelessly,지칠 줄 모르게
vacancy,텅 빈
give off,"(향기, 냄새를) 발산하다"
eclipse,"어둡게 하다, 일식"
herd,(가축의) 떼
strip,"벗기다, 폭로하다"
might as well,~하는 편이 낫다
suit,"정장, 소송"
tell off,야단치다
darken,어둡게 하다
earthquake,지진
fail,실패(하다)
turn out,~임이 밝혀지다
question,물음
definite,"명확한, 분명히, 한정된"
sufferer,"환자, 고생하는 사람 "
facility,시설
elasticity,탄력
backache,요통
unpleasant,불쾌한
at once,동시에
fairground,장터
process,과정
physical,신체의
upwelling,(하층 해수의) 용승
lamp,등불
fascinate,매혹시키다
interfere,방해하다
barbershop,이발소
fundamentally,근본적으로
conspiracy,음모
aviation,"항공, 비행"
impair,해치다
natural science,자연과학
without,~이 없이
liberal,"진보적인, 자유의"
magician,마술사
sweat,땀(을 흘리다)
essayist,수필가
tomb,무덤
pathfinder,탐험가
hydroponics,수중재배의
lose face,체면을 잃다
curse,저주
gravitational,중력의
otherness,"별개의 것, 특이함"
at a loss,어쩔 줄 몰라서
organ,"장기, 기관"
strive,노력하다
sum,"합계, 금액"
take back,~을 되돌리다
pleasurable,즐거운
windmill,풍차
circumstances,상황
establishment,"설립, 기관"
interim,"임시의, 중간의"
forbid,금하다
toddler,유아
liver,간
genuinely,"진정으로, 순수하게"
righteous,올바른
industrialize,산업화하다
financial,재정상의
commonality,공통점
oyster,굴
gain,획득하다
illogical,비논리적인
depression,"우울증, 불경기"
candlestick,촛대
faith,"신뢰, 신앙"
adventurous,모험적인
groundless,"이유 없는, 기초가 없는"
assurance,확신
frame,"구조, 뼈대"
voluntary,자발적인
prove,증명하다
lot,"제비, 몫"
bather,"입욕자, 수영하는 사람"
concentration,집중
meet halfway,~과 타협하다
bulletin board,게시판
release,"해방하다, 개봉하다"
irritated,짜증이 난
environmentally,환경적으로
inferior,열등한
funeral,장례식
terminate,끝내다
inevitably,불가피하게
proficiency,숙련
advocate,"주장하다, 옹호하다"
caravan,포장마차
profession,전문 직업
accomplish,성취하다
precisely,정확히
calve,"갈라지다, 새끼를 낳다"
dirt,먼지
happen,(사건이)일어나다
straight,곧은
proportion,비율
exclusive,"독점적인, 배타적인"
allergic,알레르기의
particular,특별한
guest,손님
obtain,획득하다
run away,도망가다
gross,총체의
shuffle,질질 끌다
shark,상어
rob,강탈하다
disclose,폭로하다
heavily,몹시
stink,악취가 나다
comment,"언급, 논평"
cell,세포
in no time,곧
hand in,~을 제출하다
lefty,왼손잡이
crosswalk,횡단보도
shabby,"너덜너덜한, 초라한"
prevail,"유행하다, 우세하다"
sunbath,일광욕
nominee,"(직책에) 지명된 사람, 후보"
pastoral,시골의
antecedent,앞서는
miniature,축소물
marble,"대리석, 구슬"
grant,수여하다
shiver,"전율하다, 오한"
result in,결국 ~이 되다
afford,"공급하다, ~할 여유가 있다"
guidance,안내
such as,~와 같은
conclusion,결론
separate,분리하다
inward,안으로
crowd,군중
latest,최신의
adapt,"적응하다, 개조하다"
degenerative,"퇴행성의, 퇴폐적인"
improperly,부적절하게
forefather,선조
lovingly,애정 있는
ship,"(배로)수송하다, 배"
solution,"해결, 용해"
gravitate,(중력에)끌리다
rundown,퇴락한
attach,"붙이다, 첨부하다"
intensify,강하게 하다
medication,약물
roof,"지붕, 천장"
junk food,정크 푸드
incorrectly,정확하지 않게
potential,잠재력의
satisfaction,만족
welfare,복지
dispose,처리하다
eternal,영원한
FALSE,거짓의
resource,자원
physically,신체적으로
disguise,변장시키다
affect,~에 영향을 미치다
questionnaire,질문지
meadow,목초지
sprint,단거리 경주
invade,침략하다
chilling,냉랭한
trustworthy,신뢰할 수 있는
athletic,체육의
fearless,"두려움이 없는, 용감한"
normal,"정상의, 보통의"
discuss,토론하다
for a while,잠시 동안
honestly,정직하게
projector,"투사기, 계획자"
hideous,끔찍한
fatal,치명적인
inadequate,부적당한
sharp,"날카로운, 급격한"
psychology,심리학
glance,힐끗 봄
throat,목구멍
illustrate,"설명하다, 삽화를 넣다"
aroma,향기
recreate,휴양하다
bacteria,박테리아
above all,무엇보다도
fluid,액체
obstruct,차단하다
global,세계적인
all but,거의
chairman,의장
look down on,~을 무시하다
rescuer,구조대원
adherence,고집
wonderful,멋진
fragment,"파편, 조각"
noticeable,현저한(눈에 띄는)
hold on,붙잡다
pigmentation,염색
mortgage,주택융자
source,"원천, 정보원"
helpless,"무력한, 어찌할 수 없는"
river,강
random,무작위의
job,"일, 직업"
collect,"수집하다, 징수하다"
region,"지역, 지방"
stem,"줄기, 생기다"
testimony,증거
search,조사하다
symbol,상징
subtly,미묘하게
provide,제공하다
lighthouse,등대
hang,"매달다, 교수형에 처하다"
vote,투표
masculine,남자다운
cheerleading,응원
mask,"가면, 위장"
intelligent,지적인
deserve,~할 가치가 있다
enterprise,기업
broad,넓은
gallery,미술관
break down,망가지다
provider,공급자
astronomer,천문학자
democracy,민주주의
intermission,중지
mechanism,기계장치
pillow,베개
legislate,법률을 제정하다
dine out,외식하다
undisturbed,방해받지 않은
mobile,"이동성의, 기동성 있는"
lifetime,일생
Venus,금성
on purpose,일부러
barrel,"통, 1배럴(양)"
mathematician,수학자
correlate,연관성이 있다
critically,"위태롭게, 비판적으로"
hostage,인질
favorable,호의적인
item,"항목, 물건"
reconcile,~을 화해시키다
supporter,"지지자, 후원자"
fiction,"소설, 허구"
error-free,결점이 없는
driftwood,"유목, 방랑자"
run over,~을 치다
reason,이유
far from,~와는 거리가 멀다
fund,기금
ought to,~해야 한다
wild,야생의
degenerative,퇴행성의
inspire,"고무하다, 영감을 주다"
reality,"진실성, 현실"
shield,방패
operate,"작용하다, 수술하다"
stale,"진부한, 싱싱하지 못한"
generation,"세대, 발생"
unwise,현명하지 못한
elect,선출하다
confident,확신하고 있는
reduction,감소
recurrent,재발하는
manuscript,원고
near,근처에
pursue,추구하다
introduction,"도입, 소개"
bulletin,게시하다
drain,"배수하다, 소모시키다"
infrastructure,기본 시설
in this vein,이런 맥락에서
virtual,사실상의
frustrate,좌절시키다
block,"방해하다, 막다"
arrowhead,화살촉
consistently,지속적으로
facilitate,"돕다, 용이하게 하다"
